Filename,Identifier,Microscope,Objective,Mag,Accession,EarBundles,Ear row,Ear Position,Spk position,Position type,taxon.code,View,Charred?
1189_TRI677_A_R1_1of2_Timo_1x1_d_uc,1189,Nikon,1x,1,TRI677,A,R1,Base,1of2,External,Timo,d,uc
1190_TRI677_A_R1_1of2_Timo_1x1_l_uc,1190,Nikon,1x,1,TRI677,A,R1,Base,1of2,External,Timo,l,uc
1191_TRI677_A_R1_1of2_Timo_1x1_p_uc,1191,Nikon,1x,1,TRI677,A,R1,Base,1of2,External,Timo,p,uc
1192_TRI677_A_R1_2of2_Timo_1x1_d_uc,1192,Nikon,1x,1,TRI677,A,R1,Base,2of2,External,Timo,d,uc
1193_TRI677_A_R1_2of2_Timo_1x1_l_uc,1193,Nikon,1x,1,TRI677,A,R1,Base,2of2,External,Timo,l,uc
1194_TRI677_A_R1_2of2_Timo_1x1_p_uc,1194,Nikon,1x,1,TRI677,A,R1,Base,2of2,External,Timo,p,uc
1195_TRI677_A_R2_1of2_Timo_1x1_d_uc,1195,Nikon,1x,1,TRI677,A,R2,Base,1of2,External,Timo,d,uc
1196_TRI677_A_R2_1of2_Timo_1x1_l_uc,1196,Nikon,1x,1,TRI677,A,R2,Base,1of2,External,Timo,l,uc
1197_TRI677_A_R2_1of2_Timo_1x1_p_uc,1197,Nikon,1x,1,TRI677,A,R2,Base,1of2,External,Timo,p,uc
1198_TRI677_A_R7_1of2_Timo_1x1_d_uc,1198,Nikon,1x,1,TRI677,A,R7,Mid,1of2,External,Timo,d,uc
1199_TRI677_A_R7_1of2_Timo_1x1_l_uc,1199,Nikon,1x,1,TRI677,A,R7,Mid,1of2,External,Timo,l,uc
1200_TRI677_A_R7_1of2_Timo_1x1_p_uc,1200,Nikon,1x,1,TRI677,A,R7,Mid,1of2,External,Timo,p,uc
1201_TRI677_A_R7_2of2_Timo_1x1_d_uc,1201,Nikon,1x,1,TRI677,A,R7,Mid,2of2,External,Timo,d,uc
1202_TRI677_A_R7_2of2_Timo_1x1_l_uc,1202,Nikon,1x,1,TRI677,A,R7,Mid,2of2,External,Timo,l,uc
1203_TRI677_A_R7_2of2_Timo_1x1_p_uc,1203,Nikon,1x,1,TRI677,A,R7,Mid,2of2,External,Timo,p,uc
1204_TRI677_A_R8_2of2_Timo_1x1_d_uc,1204,Nikon,1x,1,TRI677,A,R8,Mid,2of2,External,Timo,d,uc
1205_TRI677_A_R8_2of2_Timo_1x1_l_uc,1205,Nikon,1x,1,TRI677,A,R8,Mid,2of2,External,Timo,l,uc
1206_TRI677_A_R8_2of2_Timo_1x1_p_uc,1206,Nikon,1x,1,TRI677,A,R8,Mid,2of2,External,Timo,p,uc
1207_TRI677_A_R13_1of2_Timo_1x1_d_uc,1207,Nikon,1x,1,TRI677,A,R13,Top,1of2,External,Timo,d,uc
1208_TRI677_A_R13_1of2_Timo_1x1_l_uc,1208,Nikon,1x,1,TRI677,A,R13,Top,1of2,External,Timo,l,uc
1209_TRI677_A_R13_1of2_Timo_1x1_p_uc,1209,Nikon,1x,1,TRI677,A,R13,Top,1of2,External,Timo,p,uc
1210_TRI677_A_R13_2of2_Timo_1x1_d_uc,1210,Nikon,1x,1,TRI677,A,R13,Top,2of2,External,Timo,d,uc
1211_TRI677_A_R13_2of2_Timo_1x1_l_uc,1211,Nikon,1x,1,TRI677,A,R13,Top,2of2,External,Timo,l,uc
1212_TRI677_A_R13_2of2_Timo_1x1_p_uc,1212,Nikon,1x,1,TRI677,A,R13,Top,2of2,External,Timo,p,uc
1213_TRI677_A_R14_1of1_Timo_1x1_d_uc,1213,Nikon,1x,1,TRI677,A,R14,Top,1of1,Solo,Timo,d,uc
1214_TRI677_A_R14_1of1_Timo_1x1_l_uc,1214,Nikon,1x,1,TRI677,A,R14,Top,1of1,Solo,Timo,l,uc
1215_TRI677_A_R14_1of1_Timo_1x1_p_uc,1215,Nikon,1x,1,TRI677,A,R14,Top,1of1,Solo,Timo,p,uc
1216_TRI677_B_R1_1of2_Timo_1x1_d_uc,1216,Nikon,1x,1,TRI677,B,R1,Base,1of2,External,Timo,d,uc
1217_TRI677_B_R1_1of2_Timo_1x1_l_uc,1217,Nikon,1x,1,TRI677,B,R1,Base,1of2,External,Timo,l,uc
1218_TRI677_B_R1_1of2_Timo_1x1_p_uc,1218,Nikon,1x,1,TRI677,B,R1,Base,1of2,External,Timo,p,uc
1219_TRI677_B_R1_2of2_Timo_1x1_d_uc,1219,Nikon,1x,1,TRI677,B,R1,Base,2of2,External,Timo,d,uc
1220_TRI677_B_R1_2of2_Timo_1x1_l_uc,1220,Nikon,1x,1,TRI677,B,R1,Base,2of2,External,Timo,l,uc
1221_TRI677_B_R1_2of2_Timo_1x1_p_uc,1221,Nikon,1x,1,TRI677,B,R1,Base,2of2,External,Timo,p,uc
1222_TRI677_B_R2_1of2_Timo_1x1_d_uc,1222,Nikon,1x,1,TRI677,B,R2,Base,1of2,External,Timo,d,uc
1223_TRI677_B_R2_1of2_Timo_1x1_l_uc,1223,Nikon,1x,1,TRI677,B,R2,Base,1of2,External,Timo,l,uc
1224_TRI677_B_R2_1of2_Timo_1x1_p_uc,1224,Nikon,1x,1,TRI677,B,R2,Base,1of2,External,Timo,p,uc
1225_TRI677_B_R6_1of2_Timo_1x1_d_uc,1225,Nikon,1x,1,TRI677,B,R6,Mid,1of2,External,Timo,d,uc
1226_TRI677_B_R6_1of2_Timo_1x1_l_uc,1226,Nikon,1x,1,TRI677,B,R6,Mid,1of2,External,Timo,l,uc
1227_TRI677_B_R6_1of2_Timo_1x1_p_uc,1227,Nikon,1x,1,TRI677,B,R6,Mid,1of2,External,Timo,p,uc
1228_TRI677_B_R6_2of2_Timo_1x1_d_uc,1228,Nikon,1x,1,TRI677,B,R6,Mid,2of2,External,Timo,d,uc
1229_TRI677_B_R6_2of2_Timo_1x1_l_uc,1229,Nikon,1x,1,TRI677,B,R6,Mid,2of2,External,Timo,l,uc
1230_TRI677_B_R6_2of2_Timo_1x1_p_uc,1230,Nikon,1x,1,TRI677,B,R6,Mid,2of2,External,Timo,p,uc
1231_TRI677_B_R7_2of2_Timo_1x1_d_uc,1231,Nikon,1x,1,TRI677,B,R7,Mid,2of2,External,Timo,d,uc
1232_TRI677_B_R7_2of2_Timo_1x1_l_uc,1232,Nikon,1x,1,TRI677,B,R7,Mid,2of2,External,Timo,l,uc
1233_TRI677_B_R7_2of2_Timo_1x1_p_uc,1233,Nikon,1x,1,TRI677,B,R7,Mid,2of2,External,Timo,p,uc
1234_TRI677_B_R9_1of2_Timo_1x1_d_uc,1234,Nikon,1x,1,TRI677,B,R9,Top,1of2,External,Timo,d,uc
1235_TRI677_B_R9_1of2_Timo_1x1_l_uc,1235,Nikon,1x,1,TRI677,B,R9,Top,1of2,External,Timo,l,uc
1236_TRI677_B_R9_1of2_Timo_1x1_p_uc,1236,Nikon,1x,1,TRI677,B,R9,Top,1of2,External,Timo,p,uc
1237_TRI677_B_R10_1of1_Timo_1x1_d_uc,1237,Nikon,1x,1,TRI677,B,R10,Top,1of1,Solo,Timo,d,uc
1238_TRI677_B_R10_1of1_Timo_1x1_l_uc,1238,Nikon,1x,1,TRI677,B,R10,Top,1of1,Solo,Timo,l,uc
1239_TRI677_B_R10_1of1_Timo_1x1_p_uc,1239,Nikon,1x,1,TRI677,B,R10,Top,1of1,Solo,Timo,p,uc
1240_TRI677_B_R11_1of1_Timo_1x1_d_uc,1240,Nikon,1x,1,TRI677,B,R11,Top,1of1,Solo,Timo,d,uc
1241_TRI677_B_R11_1of1_Timo_1x1_l_uc,1241,Nikon,1x,1,TRI677,B,R11,Top,1of1,Solo,Timo,l,uc
1242_TRI677_B_R11_1of1_Timo_1x1_p_uc,1242,Nikon,1x,1,TRI677,B,R11,Top,1of1,Solo,Timo,p,uc
1243_TRI677_C_R1_1of2_Timo_1x1_d_uc,1243,Nikon,1x,1,TRI677,C,R1,Base,1of2,External,Timo,d,uc
1244_TRI677_C_R1_1of2_Timo_1x1_l_uc,1244,Nikon,1x,1,TRI677,C,R1,Base,1of2,External,Timo,l,uc
1245_TRI677_C_R1_1of2_Timo_1x1_p_uc,1245,Nikon,1x,1,TRI677,C,R1,Base,1of2,External,Timo,p,uc
1246_TRI677_C_R1_2of2_Timo_1x1_d_uc,1246,Nikon,1x,1,TRI677,C,R1,Base,2of2,External,Timo,d,uc
1247_TRI677_C_R1_2of2_Timo_1x1_l_uc,1247,Nikon,1x,1,TRI677,C,R1,Base,2of2,External,Timo,l,uc
1248_TRI677_C_R1_2of2_Timo_1x1_p_uc,1248,Nikon,1x,1,TRI677,C,R1,Base,2of2,External,Timo,p,uc
1249_TRI677_C_R2_2of2_Timo_1x1_d_uc,1249,Nikon,1x,1,TRI677,C,R2,Base,2of2,External,Timo,d,uc
1250_TRI677_C_R2_2of2_Timo_1x1_l_uc,1250,Nikon,1x,1,TRI677,C,R2,Base,2of2,External,Timo,l,uc
1251_TRI677_C_R2_2of2_Timo_1x1_p_uc,1251,Nikon,1x,1,TRI677,C,R2,Base,2of2,External,Timo,p,uc
1252_TRI677_C_R7_1of2_Timo_1x1_d_uc,1252,Nikon,1x,1,TRI677,C,R7,Mid,1of2,External,Timo,d,uc
1253_TRI677_C_R7_1of2_Timo_1x1_l_uc,1253,Nikon,1x,1,TRI677,C,R7,Mid,1of2,External,Timo,l,uc
1254_TRI677_C_R7_1of2_Timo_1x1_p_uc,1254,Nikon,1x,1,TRI677,C,R7,Mid,1of2,External,Timo,p,uc
1255_TRI677_C_R7_2of2_Timo_1x1_d_uc,1255,Nikon,1x,1,TRI677,C,R7,Mid,2of2,External,Timo,d,uc
1256_TRI677_C_R7_2of2_Timo_1x1_l_uc,1256,Nikon,1x,1,TRI677,C,R7,Mid,2of2,External,Timo,l,uc
1257_TRI677_C_R7_2of2_Timo_1x1_p_uc,1257,Nikon,1x,1,TRI677,C,R7,Mid,2of2,External,Timo,p,uc
1258_TRI677_C_R8_1of2_Timo_1x1_d_uc,1258,Nikon,1x,1,TRI677,C,R8,Mid,1of2,External,Timo,d,uc
1259_TRI677_C_R8_1of2_Timo_1x1_l_uc,1259,Nikon,1x,1,TRI677,C,R8,Mid,1of2,External,Timo,l,uc
1260_TRI677_C_R8_1of2_Timo_1x1_p_uc,1260,Nikon,1x,1,TRI677,C,R8,Mid,1of2,External,Timo,p,uc
1261_TRI677_C_R13_1of2_Timo_1x1_d_uc,1261,Nikon,1x,1,TRI677,C,R13,Top,1of2,External,Timo,d,uc
1262_TRI677_C_R13_1of2_Timo_1x1_l_uc,1262,Nikon,1x,1,TRI677,C,R13,Top,1of2,External,Timo,l,uc
1263_TRI677_C_R13_1of2_Timo_1x1_p_uc,1263,Nikon,1x,1,TRI677,C,R13,Top,1of2,External,Timo,p,uc
1264_TRI677_C_R13_2of2_Timo_1x1_d_uc,1264,Nikon,1x,1,TRI677,C,R13,Top,2of2,External,Timo,d,uc
1265_TRI677_C_R13_2of2_Timo_1x1_l_uc,1265,Nikon,1x,1,TRI677,C,R13,Top,2of2,External,Timo,l,uc
1266_TRI677_C_R13_2of2_Timo_1x1_p_uc,1266,Nikon,1x,1,TRI677,C,R13,Top,2of2,External,Timo,p,uc
1267_TRI677_C_R14_1of1_Timo_1x1_d_uc,1267,Nikon,1x,1,TRI677,C,R14,Top,1of1,Solo,Timo,d,uc
1268_TRI677_C_R14_1of1_Timo_1x1_l_uc,1268,Nikon,1x,1,TRI677,C,R14,Top,1of1,Solo,Timo,l,uc
1269_TRI677_C_R14_1of1_Timo_1x1_p_uc,1269,Nikon,1x,1,TRI677,C,R14,Top,1of1,Solo,Timo,p,uc
1354_TRI17251_A_R1_1of1_Tdicm_1x1_d_uc,1354,Nikon,1x,1,TRI17251,A,R1,Base,1of1,Solo,Tdicm,d,uc
1355_TRI17251_A_R1_1of1_Tdicm_1x1_l_uc,1355,Nikon,1x,1,TRI17251,A,R1,Base,1of1,Solo,Tdicm,l,uc
1356_TRI17251_A_R1_1of1_Tdicm_1x1_p_uc,1356,Nikon,1x,1,TRI17251,A,R1,Base,1of1,Solo,Tdicm,p,uc
1357_TRI17251_A_R2_1of1_Tdicm_1x1_d_uc,1357,Nikon,1x,1,TRI17251,A,R2,Base,1of1,Solo,Tdicm,d,uc
1358_TRI17251_A_R2_1of1_Tdicm_1x1_l_uc,1358,Nikon,1x,1,TRI17251,A,R2,Base,1of1,Solo,Tdicm,l,uc
1359_TRI17251_A_R2_1of1_Tdicm_1x1_p_uc,1359,Nikon,1x,1,TRI17251,A,R2,Base,1of1,Solo,Tdicm,p,uc
1360_TRI17251_A_R3_1of2_Tdicm_1x1_d_uc,1360,Nikon,1x,1,TRI17251,A,R3,Base,1of2,External,Tdicm,d,uc
1361_TRI17251_A_R3_1of2_Tdicm_1x1_l_uc,1361,Nikon,1x,1,TRI17251,A,R3,Base,1of2,External,Tdicm,l,uc
1362_TRI17251_A_R3_1of2_Tdicm_1x1_p_uc,1362,Nikon,1x,1,TRI17251,A,R3,Base,1of2,External,Tdicm,p,uc
1363_TRI17251_A_R9_1of1_Tdicm_1x1_d_uc,1363,Nikon,1x,1,TRI17251,A,R9,Mid,1of1,Solo,Tdicm,d,uc
1364_TRI17251_A_R9_1of1_Tdicm_1x1_l_uc,1364,Nikon,1x,1,TRI17251,A,R9,Mid,1of1,Solo,Tdicm,l,uc
1365_TRI17251_A_R9_1of1_Tdicm_1x1_p_uc,1365,Nikon,1x,1,TRI17251,A,R9,Mid,1of1,Solo,Tdicm,p,uc
1366_TRI17251_A_R10_1of2_Tdicm_1x1_d_uc,1366,Nikon,1x,1,TRI17251,A,R10,Mid,1of2,External,Tdicm,d,uc
1367_TRI17251_A_R10_1of2_Tdicm_1x1_l_uc,1367,Nikon,1x,1,TRI17251,A,R10,Mid,1of2,External,Tdicm,l,uc
1368_TRI17251_A_R10_1of2_Tdicm_1x1_p_uc,1368,Nikon,1x,1,TRI17251,A,R10,Mid,1of2,External,Tdicm,p,uc
1369_TRI17251_A_R10_2of2_Tdicm_1x1_d_uc,1369,Nikon,1x,1,TRI17251,A,R10,Mid,2of2,External,Tdicm,d,uc
1370_TRI17251_A_R10_2of2_Tdicm_1x1_l_uc,1370,Nikon,1x,1,TRI17251,A,R10,Mid,2of2,External,Tdicm,l,uc
1371_TRI17251_A_R10_2of2_Tdicm_1x1_p_uc,1371,Nikon,1x,1,TRI17251,A,R10,Mid,2of2,External,Tdicm,p,uc
1372_TRI17251_A_R17_1of2_Tdicm_1x1_d_uc,1372,Nikon,1x,1,TRI17251,A,R17,Top,1of2,External,Tdicm,d,uc
1373_TRI17251_A_R17_1of2_Tdicm_1x1_l_uc,1373,Nikon,1x,1,TRI17251,A,R17,Top,1of2,External,Tdicm,l,uc
1374_TRI17251_A_R17_1of2_Tdicm_1x1_p_uc,1374,Nikon,1x,1,TRI17251,A,R17,Top,1of2,External,Tdicm,p,uc
1375_TRI17251_A_R18_1of2_Tdicm_1x1_d_uc,1375,Nikon,1x,1,TRI17251,A,R18,Top,1of2,External,Tdicm,d,uc
1376_TRI17251_A_R18_1of2_Tdicm_1x1_l_uc,1376,Nikon,1x,1,TRI17251,A,R18,Top,1of2,External,Tdicm,l,uc
1377_TRI17251_A_R18_1of2_Tdicm_1x1_p_uc,1377,Nikon,1x,1,TRI17251,A,R18,Top,1of2,External,Tdicm,p,uc
1378_TRI17251_A_R18_2of2_Tdicm_1x1_d_uc,1378,Nikon,1x,1,TRI17251,A,R18,Top,2of2,External,Tdicm,d,uc
1379_TRI17251_A_R18_2of2_Tdicm_1x1_l_uc,1379,Nikon,1x,1,TRI17251,A,R18,Top,2of2,External,Tdicm,l,uc
1380_TRI17251_A_R18_2of2_Tdicm_1x1_p_uc,1380,Nikon,1x,1,TRI17251,A,R18,Top,2of2,External,Tdicm,p,uc
1381_TRI17251_B_R1_1of2_Tdicm_1x1_d_uc,1381,Nikon,1x,1,TRI17251,B,R1,Base,1of2,External,Tdicm,d,uc
1382_TRI17251_B_R1_1of2_Tdicm_1x1_l_uc,1382,Nikon,1x,1,TRI17251,B,R1,Base,1of2,External,Tdicm,l,uc
1383_TRI17251_B_R1_1of2_Tdicm_1x1_p_uc,1383,Nikon,1x,1,TRI17251,B,R1,Base,1of2,External,Tdicm,p,uc
1384_TRI17251_B_R1_2of2_Tdicm_1x1_d_uc,1384,Nikon,1x,1,TRI17251,B,R1,Base,2of2,External,Tdicm,d,uc
1385_TRI17251_B_R1_2of2_Tdicm_1x1_l_uc,1385,Nikon,1x,1,TRI17251,B,R1,Base,2of2,External,Tdicm,l,uc
1386_TRI17251_B_R1_2of2_Tdicm_1x1_p_uc,1386,Nikon,1x,1,TRI17251,B,R1,Base,2of2,External,Tdicm,p,uc
1387_TRI17251_B_R2_1of2_Tdicm_1x1_d_uc,1387,Nikon,1x,1,TRI17251,B,R2,Base,1of2,External,Tdicm,d,uc
1388_TRI17251_B_R2_2of2_Tdicm_1x1_l_uc,1388,Nikon,1x,1,TRI17251,B,R2,Base,2of2,External,Tdicm,l,uc
1389_TRI17251_B_R2_2of2_Tdicm_1x1_p_uc,1389,Nikon,1x,1,TRI17251,B,R2,Base,2of2,External,Tdicm,p,uc
1390_TRI17251_B_R11_1of2_Tdicm_1x1_d_uc,1390,Nikon,1x,1,TRI17251,B,R11,Mid,1of2,External,Tdicm,d,uc
1391_TRI17251_B_R11_1of2_Tdicm_1x1_l_uc,1391,Nikon,1x,1,TRI17251,B,R11,Mid,1of2,External,Tdicm,l,uc
1392_TRI17251_B_R11_2of2_Tdicm_1x1_p_uc,1392,Nikon,1x,1,TRI17251,B,R11,Mid,2of2,External,Tdicm,p,uc
1393_TRI17251_B_R11_2of2_Tdicm_1x1_d_uc,1393,Nikon,1x,1,TRI17251,B,R11,Mid,2of2,External,Tdicm,d,uc
1394_TRI17251_B_R11_2of2_Tdicm_1x1_l_uc,1394,Nikon,1x,1,TRI17251,B,R11,Mid,2of2,External,Tdicm,l,uc
1395_TRI17251_B_R11_2of2_Tdicm_1x1_p_uc,1395,Nikon,1x,1,TRI17251,B,R11,Mid,2of2,External,Tdicm,p,uc
1396_TRI17251_B_R12_1of2_Tdicm_1x1_d_uc,1396,Nikon,1x,1,TRI17251,B,R12,Mid,1of2,External,Tdicm,d,uc
1397_TRI17251_B_R12_1of2_Tdicm_1x1_l_uc,1397,Nikon,1x,1,TRI17251,B,R12,Mid,1of2,External,Tdicm,l,uc
1398_TRI17251_B_R12_1of2_Tdicm_1x1_p_uc,1398,Nikon,1x,1,TRI17251,B,R12,Mid,1of2,External,Tdicm,p,uc
1399_TRI17251_B_R20_1of2_Tdicm_1x1_d_uc,1399,Nikon,1x,1,TRI17251,B,R20,Top,1of2,External,Tdicm,d,uc
1400_TRI17251_B_R20_1of2_Tdicm_1x1_l_uc,1400,Nikon,1x,1,TRI17251,B,R20,Top,1of2,External,Tdicm,l,uc
1401_TRI17251_B_R20_2of2_Tdicm_1x1_p_uc,1401,Nikon,1x,1,TRI17251,B,R20,Top,2of2,External,Tdicm,p,uc
1402_TRI17251_B_R20_2of2_Tdicm_1x1_d_uc,1402,Nikon,1x,1,TRI17251,B,R20,Top,2of2,External,Tdicm,d,uc
1403_TRI17251_B_R20_2of2_Tdicm_1x1_l_uc,1403,Nikon,1x,1,TRI17251,B,R20,Top,2of2,External,Tdicm,l,uc
1404_TRI17251_B_R20_2of2_Tdicm_1x1_p_uc,1404,Nikon,1x,1,TRI17251,B,R20,Top,2of2,External,Tdicm,p,uc
1405_TRI17251_B_R21_1of1_Tdicm_1x1_d_uc,1405,Nikon,1x,1,TRI17251,B,R21,Top,1of1,Solo,Tdicm,d,uc
1406_TRI17251_B_R21_1of1_Tdicm_1x1_l_uc,1406,Nikon,1x,1,TRI17251,B,R21,Top,1of1,Solo,Tdicm,l,uc
1407_TRI17251_B_R21_1of1_Tdicm_1x1_p_uc,1407,Nikon,1x,1,TRI17251,B,R21,Top,1of1,Solo,Tdicm,p,uc
1408_TRI17251_C_R1_1of2_Tdicm_1x1_d_uc,1408,Nikon,1x,1,TRI17251,C,R1,Base,1of2,External,Tdicm,d,uc
1409_TRI17251_C_R1_1of2_Tdicm_1x1_l_uc,1409,Nikon,1x,1,TRI17251,C,R1,Base,1of2,External,Tdicm,l,uc
1410_TRI17251_C_R1_1of2_Tdicm_1x1_p_uc,1410,Nikon,1x,1,TRI17251,C,R1,Base,1of2,External,Tdicm,p,uc
1411_TRI17251_C_R1_2of2_Tdicm_1x1_d_uc,1411,Nikon,1x,1,TRI17251,C,R1,Base,2of2,External,Tdicm,d,uc
1412_TRI17251_C_R1_2of2_Tdicm_1x1_l_uc,1412,Nikon,1x,1,TRI17251,C,R1,Base,2of2,External,Tdicm,l,uc
1413_TRI17251_C_R1_2of2_Tdicm_1x1_p_uc,1413,Nikon,1x,1,TRI17251,C,R1,Base,2of2,External,Tdicm,p,uc
1414_TRI17251_C_R2_1of2_Tdicm_1x1_d_uc,1414,Nikon,1x,1,TRI17251,C,R2,Base,1of2,External,Tdicm,d,uc
1415_TRI17251_C_R2_1of2_Tdicm_1x1_l_uc,1415,Nikon,1x,1,TRI17251,C,R2,Base,1of2,External,Tdicm,l,uc
1416_TRI17251_C_R2_1of2_Tdicm_1x1_p_uc,1416,Nikon,1x,1,TRI17251,C,R2,Base,1of2,External,Tdicm,p,uc
1417_TRI17251_C_R7_1of2_Tdicm_1x1_d_uc,1417,Nikon,1x,1,TRI17251,C,R7,Mid,1of2,External,Tdicm,d,uc
1418_TRI17251_C_R7_1of2_Tdicm_1x1_l_uc,1418,Nikon,1x,1,TRI17251,C,R7,Mid,1of2,External,Tdicm,l,uc
1419_TRI17251_C_R7_1of2_Tdicm_1x1_p_uc,1419,Nikon,1x,1,TRI17251,C,R7,Mid,1of2,External,Tdicm,p,uc
1420_TRI17251_C_R8_2of3_Tdicm_1x1_d_uc,1420,Nikon,1x,1,TRI17251,C,R8,Mid,2of3,Internal,Tdicm,d,uc
1421_TRI17251_C_R8_2of3_Tdicm_1x1_l_uc,1421,Nikon,1x,1,TRI17251,C,R8,Mid,2of3,Internal,Tdicm,l,uc
1422_TRI17251_C_R8_2of3_Tdicm_1x1_p_uc,1422,Nikon,1x,1,TRI17251,C,R8,Mid,2of3,Internal,Tdicm,p,uc
1423_TRI17251_C_R7_2of2_Tdicm_1x1_d_uc,1423,Nikon,1x,1,TRI17251,C,R7,Mid,2of2,External,Tdicm,d,uc
1424_TRI17251_C_R7_2of2_Tdicm_1x1_l_uc,1424,Nikon,1x,1,TRI17251,C,R7,Mid,2of2,External,Tdicm,l,uc
1425_TRI17251_C_R7_2of2_Tdicm_1x1_p_uc,1425,Nikon,1x,1,TRI17251,C,R7,Mid,2of2,External,Tdicm,p,uc
1426_TRI17251_C_R12_1of2_Tdicm_1x1_d_uc,1426,Nikon,1x,1,TRI17251,C,R12,Top,1of2,External,Tdicm,d,uc
1427_TRI17251_C_R12_1of2_Tdicm_1x1_l_uc,1427,Nikon,1x,1,TRI17251,C,R12,Top,1of2,External,Tdicm,l,uc
1428_TRI17251_C_R12_1of2_Tdicm_1x1_p_uc,1428,Nikon,1x,1,TRI17251,C,R12,Top,1of2,External,Tdicm,p,uc
1429_TRI17251_C_R13_1of1_Tdicm_1x1_d_uc,1429,Nikon,1x,1,TRI17251,C,R13,Top,1of1,Solo,Tdicm,d,uc
1430_TRI17251_C_R13_1of1_Tdicm_1x1_l_uc,1430,Nikon,1x,1,TRI17251,C,R13,Top,1of1,Solo,Tdicm,l,uc
1431_TRI17251_C_R13_1of1_Tdicm_1x1_p_uc,1431,Nikon,1x,1,TRI17251,C,R13,Top,1of1,Solo,Tdicm,p,uc
1432_TRI17251_C_R14_1of1_Tdicm_1x1_d_uc,1432,Nikon,1x,1,TRI17251,C,R14,Top,1of1,Solo,Tdicm,d,uc
1433_TRI17251_C_R14_1of1_Tdicm_1x1_l_uc,1433,Nikon,1x,1,TRI17251,C,R14,Top,1of1,Solo,Tdicm,l,uc
1434_TRI17251_C_R14_1of1_Tdicm_1x1_p_uc,1434,Nikon,1x,1,TRI17251,C,R14,Top,1of1,Solo,Tdicm,p,uc
1435_T116001_A_R1_2of2_Timo_1x1_d_uc,1435,Nikon,1x,1,T116001,A,R1,Base,2of2,External,Timo,d,uc
1436_T116001_A_R1_2of2_Timo_1x1_l_uc,1436,Nikon,1x,1,T116001,A,R1,Base,2of2,External,Timo,l,uc
1437_T116001_A_R1_2of2_Timo_1x1_p_uc,1437,Nikon,1x,1,T116001,A,R1,Base,2of2,External,Timo,p,uc
1438_T116001_A_R2_1of2_Timo_1x1_d_uc,1438,Nikon,1x,1,T116001,A,R2,Base,1of2,External,Timo,d,uc
1439_T116001_A_R2_1of2_Timo_1x1_l_uc,1439,Nikon,1x,1,T116001,A,R2,Base,1of2,External,Timo,l,uc
1440_T116001_A_R2_1of2_Timo_1x1_p_uc,1440,Nikon,1x,1,T116001,A,R2,Base,1of2,External,Timo,p,uc
1441_T116001_A_R2_2of2_Timo_1x1_d_uc,1441,Nikon,1x,1,T116001,A,R2,Base,2of2,External,Timo,d,uc
1442_T116001_A_R2_2of2_Timo_1x1_l_uc,1442,Nikon,1x,1,T116001,A,R2,Base,2of2,External,Timo,l,uc
1443_T116001_A_R2_2of2_Timo_1x1_p_uc,1443,Nikon,1x,1,T116001,A,R2,Base,2of2,External,Timo,p,uc
1444_T116001_A_R11_1of2_Timo_1x1_d_uc,1444,Nikon,1x,1,T116001,A,R11,Mid,1of2,External,Timo,d,uc
1445_T116001_A_R11_1of2_Timo_1x1_l_uc,1445,Nikon,1x,1,T116001,A,R11,Mid,1of2,External,Timo,l,uc
1446_T116001_A_R11_1of2_Timo_1x1_p_uc,1446,Nikon,1x,1,T116001,A,R11,Mid,1of2,External,Timo,p,uc
1447_T116001_A_R11_2of2_Timo_1x1_d_uc,1447,Nikon,1x,1,T116001,A,R11,Mid,2of2,External,Timo,d,uc
1448_T116001_A_R11_2of2_Timo_1x1_l_uc,1448,Nikon,1x,1,T116001,A,R11,Mid,2of2,External,Timo,l,uc
1449_T116001_A_R11_2of2_Timo_1x1_p_uc,1449,Nikon,1x,1,T116001,A,R11,Mid,2of2,External,Timo,p,uc
1450_T116001_A_R12_1of2_Timo_1x1_d_uc,1450,Nikon,1x,1,T116001,A,R12,Mid,1of2,External,Timo,d,uc
1451_T116001_A_R12_1of2_Timo_1x1_l_uc,1451,Nikon,1x,1,T116001,A,R12,Mid,1of2,External,Timo,l,uc
1452_T116001_A_R12_1of2_Timo_1x1_p_uc,1452,Nikon,1x,1,T116001,A,R12,Mid,1of2,External,Timo,p,uc
1453_T116001_A_R20_2of2_Timo_1x1_d_uc,1453,Nikon,1x,1,T116001,A,R20,Top,2of2,External,Timo,d,uc
1454_T116001_A_R20_2of2_Timo_1x1_l_uc,1454,Nikon,1x,1,T116001,A,R20,Top,2of2,External,Timo,l,uc
1455_T116001_A_R20_2of2_Timo_1x1_p_uc,1455,Nikon,1x,1,T116001,A,R20,Top,2of2,External,Timo,p,uc
1456_T116001_A_R21_1of1_Timo_1x1_d_uc,1456,Nikon,1x,1,T116001,A,R21,Top,1of1,Solo,Timo,d,uc
1457_T116001_A_R21_1of1_Timo_1x1_l_uc,1457,Nikon,1x,1,T116001,A,R21,Top,1of1,Solo,Timo,l,uc
1458_T116001_A_R21_1of1_Timo_1x1_p_uc,1458,Nikon,1x,1,T116001,A,R21,Top,1of1,Solo,Timo,p,uc
1459_T116001_A_R22_1of1_Timo_1x1_d_uc,1459,Nikon,1x,1,T116001,A,R22,Top,1of1,Solo,Timo,d,uc
1460_T116001_A_R22_1of1_Timo_1x1_l_uc,1460,Nikon,1x,1,T116001,A,R22,Top,1of1,Solo,Timo,l,uc
1461_T116001_A_R22_1of1_Timo_1x1_p_uc,1461,Nikon,1x,1,T116001,A,R22,Top,1of1,Solo,Timo,p,uc
1462_T116001_B_R1_1of2_Timo_1x1_d_uc,1462,Nikon,1x,1,T116001,B,R1,Base,1of2,External,Timo,d,uc
1463_T116001_B_R1_1of2_Timo_1x1_l_uc,1463,Nikon,1x,1,T116001,B,R1,Base,1of2,External,Timo,l,uc
1464_T116001_B_R1_1of2_Timo_1x1_p_uc,1464,Nikon,1x,1,T116001,B,R1,Base,1of2,External,Timo,p,uc
1465_T116001_B_R1_2of2_Timo_1x1_d_uc,1465,Nikon,1x,1,T116001,B,R1,Base,2of2,External,Timo,d,uc
1466_T116001_B_R1_2of2_Timo_1x1_l_uc,1466,Nikon,1x,1,T116001,B,R1,Base,2of2,External,Timo,l,uc
1467_T116001_B_R1_2of2_Timo_1x1_p_uc,1467,Nikon,1x,1,T116001,B,R1,Base,2of2,External,Timo,p,uc
1468_T116001_B_R2_1of2_Timo_1x1_d_uc,1468,Nikon,1x,1,T116001,B,R2,Base,1of2,External,Timo,d,uc
1469_T116001_B_R2_1of2_Timo_1x1_l_uc,1469,Nikon,1x,1,T116001,B,R2,Base,1of2,External,Timo,l,uc
1470_T116001_B_R2_1of2_Timo_1x1_p_uc,1470,Nikon,1x,1,T116001,B,R2,Base,1of2,External,Timo,p,uc
1471_T116001_B_R10_1of2_Timo_1x1_d_uc,1471,Nikon,1x,1,T116001,B,R10,Mid,1of2,External,Timo,d,uc
1472_T116001_B_R10_1of2_Timo_1x1_l_uc,1472,Nikon,1x,1,T116001,B,R10,Mid,1of2,External,Timo,l,uc
1473_T116001_B_R10_1of2_Timo_1x1_p_uc,1473,Nikon,1x,1,T116001,B,R10,Mid,1of2,External,Timo,p,uc
1474_T116001_B_R10_2of2_Timo_1x1_d_uc,1474,Nikon,1x,1,T116001,B,R10,Mid,2of2,External,Timo,d,uc
1475_T116001_B_R10_2of2_Timo_1x1_l_uc,1475,Nikon,1x,1,T116001,B,R10,Mid,2of2,External,Timo,l,uc
1476_T116001_B_R10_2of2_Timo_1x1_p_uc,1476,Nikon,1x,1,T116001,B,R10,Mid,2of2,External,Timo,p,uc
1477_T116001_B_R11_2of2_Timo_1x1_d_uc,1477,Nikon,1x,1,T116001,B,R11,Mid,2of2,External,Timo,d,uc
1478_T116001_B_R11_2of2_Timo_1x1_l_uc,1478,Nikon,1x,1,T116001,B,R11,Mid,2of2,External,Timo,l,uc
1479_T116001_B_R11_2of2_Timo_1x1_p_uc,1479,Nikon,1x,1,T116001,B,R11,Mid,2of2,External,Timo,p,uc
1480_T116001_B_R18_1of1_Timo_1x1_d_uc,1480,Nikon,1x,1,T116001,B,R18,Top,1of1,Solo,Timo,d,uc
1481_T116001_B_R18_1of1_Timo_1x1_l_uc,1481,Nikon,1x,1,T116001,B,R18,Top,1of1,Solo,Timo,l,uc
1482_T116001_B_R18_1of1_Timo_1x1_p_uc,1482,Nikon,1x,1,T116001,B,R18,Top,1of1,Solo,Timo,p,uc
1483_T116001_B_R19_1of1_Timo_1x1_d_uc,1483,Nikon,1x,1,T116001,B,R19,Top,1of1,Solo,Timo,d,uc
1484_T116001_B_R19_1of1_Timo_1x1_l_uc,1484,Nikon,1x,1,T116001,B,R19,Top,1of1,Solo,Timo,l,uc
1485_T116001_B_R19_1of1_Timo_1x1_p_uc,1485,Nikon,1x,1,T116001,B,R19,Top,1of1,Solo,Timo,p,uc
1486_T116001_B_R20_1of1_Timo_1x1_d_uc,1486,Nikon,1x,1,T116001,B,R20,Top,1of1,Solo,Timo,d,uc
1487_T116001_B_R20_1of1_Timo_1x1_l_uc,1487,Nikon,1x,1,T116001,B,R20,Top,1of1,Solo,Timo,l,uc
1488_T116001_B_R20_1of1_Timo_1x1_p_uc,1488,Nikon,1x,1,T116001,B,R20,Top,1of1,Solo,Timo,p,uc
1489_T116001_C_R1_1of1_Timo_1x1_d_uc,1489,Nikon,1x,1,T116001,C,R1,Base,1of1,Solo,Timo,d,uc
1490_T116001_C_R1_1of1_Timo_1x1_l_uc,1490,Nikon,1x,1,T116001,C,R1,Base,1of1,Solo,Timo,l,uc
1491_T116001_C_R1_1of1_Timo_1x1_p_uc,1491,Nikon,1x,1,T116001,C,R1,Base,1of1,Solo,Timo,p,uc
1492_T116001_C_R2_1of2_Timo_1x1_d_uc,1492,Nikon,1x,1,T116001,C,R2,Base,1of2,External,Timo,d,uc
1493_T116001_C_R2_1of2_Timo_1x1_l_uc,1493,Nikon,1x,1,T116001,C,R2,Base,1of2,External,Timo,l,uc
1494_T116001_C_R2_1of2_Timo_1x1_p_uc,1494,Nikon,1x,1,T116001,C,R2,Base,1of2,External,Timo,p,uc
1495_T116001_C_R2_2of2_Timo_1x1_d_uc,1495,Nikon,1x,1,T116001,C,R2,Base,2of2,External,Timo,d,uc
1496_T116001_C_R2_2of2_Timo_1x1_l_uc,1496,Nikon,1x,1,T116001,C,R2,Base,2of2,External,Timo,l,uc
1497_T116001_C_R2_2of2_Timo_1x1_p_uc,1497,Nikon,1x,1,T116001,C,R2,Base,2of2,External,Timo,p,uc
1498_T116001_C_R11_1of2_Timo_1x1_d_uc,1498,Nikon,1x,1,T116001,C,R11,Mid,1of2,External,Timo,d,uc
1499_T116001_C_R11_1of2_Timo_1x1_l_uc,1499,Nikon,1x,1,T116001,C,R11,Mid,1of2,External,Timo,l,uc
1500_T116001_C_R11_1of2_Timo_1x1_p_uc,1500,Nikon,1x,1,T116001,C,R11,Mid,1of2,External,Timo,p,uc
1501_T116001_C_R11_2of2_Timo_1x1_d_uc,1501,Nikon,1x,1,T116001,C,R11,Mid,2of2,External,Timo,d,uc
1502_T116001_C_R11_2of2_Timo_1x1_l_uc,1502,Nikon,1x,1,T116001,C,R11,Mid,2of2,External,Timo,l,uc
1503_T116001_C_R11_2of2_Timo_1x1_p_uc,1503,Nikon,1x,1,T116001,C,R11,Mid,2of2,External,Timo,p,uc
1504_T116001_C_R12_2of2_Timo_1x1_d_uc,1504,Nikon,1x,1,T116001,C,R12,Mid,2of2,External,Timo,d,uc
1505_T116001_C_R12_2of2_Timo_1x1_l_uc,1505,Nikon,1x,1,T116001,C,R12,Mid,2of2,External,Timo,l,uc
1506_T116001_C_R12_2of2_Timo_1x1_p_uc,1506,Nikon,1x,1,T116001,C,R12,Mid,2of2,External,Timo,p,uc
1507_T116001_C_R20_1of2_Timo_1x1_d_uc,1507,Nikon,1x,1,T116001,C,R20,Top,1of2,External,Timo,d,uc
1508_T116001_C_R20_1of2_Timo_1x1_l_uc,1508,Nikon,1x,1,T116001,C,R20,Top,1of2,External,Timo,l,uc
1509_T116001_C_R20_1of2_Timo_1x1_p_uc,1509,Nikon,1x,1,T116001,C,R20,Top,1of2,External,Timo,p,uc
1510_T116001_C_R21_1of1_Timo_1x1_d_uc,1510,Nikon,1x,1,T116001,C,R21,Top,1of1,Solo,Timo,d,uc
1511_T116001_C_R21_1of1_Timo_1x1_l_uc,1511,Nikon,1x,1,T116001,C,R21,Top,1of1,Solo,Timo,l,uc
1512_T116001_C_R21_1of1_Timo_1x1_p_uc,1512,Nikon,1x,1,T116001,C,R21,Top,1of1,Solo,Timo,p,uc
1513_T116001_C_R22_1of1_Timo_1x1_d_uc,1513,Nikon,1x,1,T116001,C,R22,Top,1of1,Solo,Timo,d,uc
1514_T116001_C_R22_1of1_Timo_1x1_l_uc,1514,Nikon,1x,1,T116001,C,R22,Top,1of1,Solo,Timo,l,uc
1515_T116001_C_R22_1of1_Timo_1x1_p_uc,1515,Nikon,1x,1,T116001,C,R22,Top,1of1,Solo,Timo,p,uc
1678_T1070018_A_R1_1of2_Tdicm_1x1_d_uc,1678,Nikon,1x,1,T1070018,A,R1,Base,1of2,External,Tdicm,d,uc
1679_T1070018_A_R1_1of2_Tdicm_1x1_l_uc,1679,Nikon,1x,1,T1070018,A,R1,Base,1of2,External,Tdicm,l,uc
1680_T1070018_A_R1_1of2_Tdicm_1x1_p_uc,1680,Nikon,1x,1,T1070018,A,R1,Base,1of2,External,Tdicm,p,uc
1681_T1070018_A_R1_2of2_Tdicm_1x1_d_uc,1681,Nikon,1x,1,T1070018,A,R1,Base,2of2,External,Tdicm,d,uc
1682_T1070018_A_R1_2of2_Tdicm_1x1_l_uc,1682,Nikon,1x,1,T1070018,A,R1,Base,2of2,External,Tdicm,l,uc
1683_T1070018_A_R1_2of2_Tdicm_1x1_p_uc,1683,Nikon,1x,1,T1070018,A,R1,Base,2of2,External,Tdicm,p,uc
1684_T1070018_A_R2_1of2_Tdicm_1x1_d_uc,1684,Nikon,1x,1,T1070018,A,R2,Base,1of2,External,Tdicm,d,uc
1685_T1070018_A_R2_1of2_Tdicm_1x1_l_uc,1685,Nikon,1x,1,T1070018,A,R2,Base,1of2,External,Tdicm,l,uc
1686_T1070018_A_R2_1of2_Tdicm_1x1_p_uc,1686,Nikon,1x,1,T1070018,A,R2,Base,1of2,External,Tdicm,p,uc
1687_T1070018_A_R9_1of2_Tdicm_1x1_d_uc,1687,Nikon,1x,1,T1070018,A,R9,Mid,1of2,External,Tdicm,d,uc
1688_T1070018_A_R9_1of2_Tdicm_1x1_l_uc,1688,Nikon,1x,1,T1070018,A,R9,Mid,1of2,External,Tdicm,l,uc
1689_T1070018_A_R9_1of2_Tdicm_1x1_p_uc,1689,Nikon,1x,1,T1070018,A,R9,Mid,1of2,External,Tdicm,p,uc
1690_T1070018_A_R9_2of2_Tdicm_1x1_d_uc,1690,Nikon,1x,1,T1070018,A,R9,Mid,2of2,External,Tdicm,d,uc
1691_T1070018_A_R9_2of2_Tdicm_1x1_l_uc,1691,Nikon,1x,1,T1070018,A,R9,Mid,2of2,External,Tdicm,l,uc
1692_T1070018_A_R9_2of2_Tdicm_1x1_p_uc,1692,Nikon,1x,1,T1070018,A,R9,Mid,2of2,External,Tdicm,p,uc
1693_T1070018_A_R10_2of2_Tdicm_1x1_d_uc,1693,Nikon,1x,1,T1070018,A,R10,Mid,2of2,External,Tdicm,d,uc
1694_T1070018_A_R10_2of2_Tdicm_1x1_l_uc,1694,Nikon,1x,1,T1070018,A,R10,Mid,2of2,External,Tdicm,l,uc
1695_T1070018_A_R10_2of2_Tdicm_1x1_p_uc,1695,Nikon,1x,1,T1070018,A,R10,Mid,2of2,External,Tdicm,p,uc
1696_T1070018_A_R16_1of2_Tdicm_1x1_d_uc,1696,Nikon,1x,1,T1070018,A,R16,Top,1of2,External,Tdicm,d,uc
1697_T1070018_A_R16_1of2_Tdicm_1x1_l_uc,1697,Nikon,1x,1,T1070018,A,R16,Top,1of2,External,Tdicm,l,uc
1698_T1070018_A_R16_1of2_Tdicm_1x1_p_uc,1698,Nikon,1x,1,T1070018,A,R16,Top,1of2,External,Tdicm,p,uc
1699_T1070018_A_R16_2of2_Tdicm_1x1_d_uc,1699,Nikon,1x,1,T1070018,A,R16,Top,2of2,External,Tdicm,d,uc
1700_T1070018_A_R16_2of2_Tdicm_1x1_l_uc,1700,Nikon,1x,1,T1070018,A,R16,Top,2of2,External,Tdicm,l,uc
1701_T1070018_A_R16_2of2_Tdicm_1x1_p_uc,1701,Nikon,1x,1,T1070018,A,R16,Top,2of2,External,Tdicm,p,uc
1702_T1070018_A_R17_1of1_Tdicm_1x1_d_uc,1702,Nikon,1x,1,T1070018,A,R17,Top,1of1,Solo,Tdicm,d,uc
1703_T1070018_A_R17_1of1_Tdicm_1x1_l_uc,1703,Nikon,1x,1,T1070018,A,R17,Top,1of1,Solo,Tdicm,l,uc
1704_T1070018_A_R17_1of1_Tdicm_1x1_p_uc,1704,Nikon,1x,1,T1070018,A,R17,Top,1of1,Solo,Tdicm,p,uc
1705_T1070018_B_R1_1of2_Tdicm_1x1_d_uc,1705,Nikon,1x,1,T1070018,B,R1,Base,1of2,External,Tdicm,d,uc
1706_T1070018_B_R1_1of2_Tdicm_1x1_l_uc,1706,Nikon,1x,1,T1070018,B,R1,Base,1of2,External,Tdicm,l,uc
1707_T1070018_B_R1_1of2_Tdicm_1x1_p_uc,1707,Nikon,1x,1,T1070018,B,R1,Base,1of2,External,Tdicm,p,uc
1708_T1070018_B_R1_2of2_Tdicm_1x1_d_uc,1708,Nikon,1x,1,T1070018,B,R1,Base,2of2,External,Tdicm,d,uc
1709_T1070018_B_R1_2of2_Tdicm_1x1_l_uc,1709,Nikon,1x,1,T1070018,B,R1,Base,2of2,External,Tdicm,l,uc
1710_T1070018_B_R1_2of2_Tdicm_1x1_p_uc,1710,Nikon,1x,1,T1070018,B,R1,Base,2of2,External,Tdicm,p,uc
1711_T1070018_B_R2_2of2_Tdicm_1x1_d_uc,1711,Nikon,1x,1,T1070018,B,R2,Base,2of2,External,Tdicm,d,uc
1712_T1070018_B_R2_2of2_Tdicm_1x1_l_uc,1712,Nikon,1x,1,T1070018,B,R2,Base,2of2,External,Tdicm,l,uc
1713_T1070018_B_R2_2of2_Tdicm_1x1_p_uc,1713,Nikon,1x,1,T1070018,B,R2,Base,2of2,External,Tdicm,p,uc
1714_T1070018_B_R9_1of2_Tdicm_1x1_d_uc,1714,Nikon,1x,1,T1070018,B,R9,Mid,1of2,External,Tdicm,d,uc
1715_T1070018_B_R9_1of2_Tdicm_1x1_l_uc,1715,Nikon,1x,1,T1070018,B,R9,Mid,1of2,External,Tdicm,l,uc
1716_T1070018_B_R9_1of2_Tdicm_1x1_p_uc,1716,Nikon,1x,1,T1070018,B,R9,Mid,1of2,External,Tdicm,p,uc
1717_T1070018_B_R9_2of2_Tdicm_1x1_d_uc,1717,Nikon,1x,1,T1070018,B,R9,Mid,2of2,External,Tdicm,d,uc
1718_T1070018_B_R9_2of2_Tdicm_1x1_l_uc,1718,Nikon,1x,1,T1070018,B,R9,Mid,2of2,External,Tdicm,l,uc
1719_T1070018_B_R9_2of2_Tdicm_1x1_p_uc,1719,Nikon,1x,1,T1070018,B,R9,Mid,2of2,External,Tdicm,p,uc
1720_T1070018_B_R10_1of2_Tdicm_1x1_d_uc,1720,Nikon,1x,1,T1070018,B,R10,Mid,1of2,External,Tdicm,d,uc
1721_T1070018_B_R10_1of2_Tdicm_1x1_l_uc,1721,Nikon,1x,1,T1070018,B,R10,Mid,1of2,External,Tdicm,l,uc
1722_T1070018_B_R10_1of2_Tdicm_1x1_p_uc,1722,Nikon,1x,1,T1070018,B,R10,Mid,1of2,External,Tdicm,p,uc
1723_T1070018_B_R17_1of2_Tdicm_1x1_d_uc,1723,Nikon,1x,1,T1070018,B,R17,Top,1of2,External,Tdicm,d,uc
1724_T1070018_B_R17_1of2_Tdicm_1x1_l_uc,1724,Nikon,1x,1,T1070018,B,R17,Top,1of2,External,Tdicm,l,uc
1725_T1070018_B_R17_1of2_Tdicm_1x1_p_uc,1725,Nikon,1x,1,T1070018,B,R17,Top,1of2,External,Tdicm,p,uc
1726_T1070018_B_R17_2of2_Tdicm_1x1_d_uc,1726,Nikon,1x,1,T1070018,B,R17,Top,2of2,External,Tdicm,d,uc
1727_T1070018_B_R17_2of2_Tdicm_1x1_l_uc,1727,Nikon,1x,1,T1070018,B,R17,Top,2of2,External,Tdicm,l,uc
1728_T1070018_B_R17_2of2_Tdicm_1x1_p_uc,1728,Nikon,1x,1,T1070018,B,R17,Top,2of2,External,Tdicm,p,uc
1729_T1070018_B_R19_1of1_Tdicm_1x1_d_uc,1729,Nikon,1x,1,T1070018,B,R19,Top,1of1,Solo,Tdicm,d,uc
1730_T1070018_B_R19_1of1_Tdicm_1x1_l_uc,1730,Nikon,1x,1,T1070018,B,R19,Top,1of1,Solo,Tdicm,l,uc
1731_T1070018_B_R19_1of1_Tdicm_1x1_p_uc,1731,Nikon,1x,1,T1070018,B,R19,Top,1of1,Solo,Tdicm,p,uc
1732_T1070018_C_R1_1of2_Tdicm_1x1_d_uc,1732,Nikon,1x,1,T1070018,C,R1,Base,1of2,External,Tdicm,d,uc
1733_T1070018_C_R1_1of2_Tdicm_1x1_l_uc,1733,Nikon,1x,1,T1070018,C,R1,Base,1of2,External,Tdicm,l,uc
1734_T1070018_C_R1_1of2_Tdicm_1x1_p_uc,1734,Nikon,1x,1,T1070018,C,R1,Base,1of2,External,Tdicm,p,uc
1735_T1070018_C_R1_2of2_Tdicm_1x1_d_uc,1735,Nikon,1x,1,T1070018,C,R1,Base,2of2,External,Tdicm,d,uc
1736_T1070018_C_R1_2of2_Tdicm_1x1_l_uc,1736,Nikon,1x,1,T1070018,C,R1,Base,2of2,External,Tdicm,l,uc
1737_T1070018_C_R1_2of2_Tdicm_1x1_p_uc,1737,Nikon,1x,1,T1070018,C,R1,Base,2of2,External,Tdicm,p,uc
1738_T1070018_C_R2_1of2_Tdicm_1x1_d_uc,1738,Nikon,1x,1,T1070018,C,R2,Base,1of2,External,Tdicm,d,uc
1739_T1070018_C_R2_1of2_Tdicm_1x1_l_uc,1739,Nikon,1x,1,T1070018,C,R2,Base,1of2,External,Tdicm,l,uc
1740_T1070018_C_R2_1of2_Tdicm_1x1_p_uc,1740,Nikon,1x,1,T1070018,C,R2,Base,1of2,External,Tdicm,p,uc
1741_T1070018_C_R10_1of2_Tdicm_1x1_d_uc,1741,Nikon,1x,1,T1070018,C,R10,Mid,1of2,External,Tdicm,d,uc
1742_T1070018_C_R10_1of2_Tdicm_1x1_l_uc,1742,Nikon,1x,1,T1070018,C,R10,Mid,1of2,External,Tdicm,l,uc
1743_T1070018_C_R10_1of2_Tdicm_1x1_p_uc,1743,Nikon,1x,1,T1070018,C,R10,Mid,1of2,External,Tdicm,p,uc
1744_T1070018_C_R10_2of2_Tdicm_1x1_d_uc,1744,Nikon,1x,1,T1070018,C,R10,Mid,2of2,External,Tdicm,d,uc
1745_T1070018_C_R10_2of2_Tdicm_1x1_l_uc,1745,Nikon,1x,1,T1070018,C,R10,Mid,2of2,External,Tdicm,l,uc
1746_T1070018_C_R10_2of2_Tdicm_1x1_p_uc,1746,Nikon,1x,1,T1070018,C,R10,Mid,2of2,External,Tdicm,p,uc
1747_T1070018_C_R11_2of2_Tdicm_1x1_d_uc,1747,Nikon,1x,1,T1070018,C,R11,Mid,2of2,External,Tdicm,d,uc
1748_T1070018_C_R11_2of2_Tdicm_1x1_l_uc,1748,Nikon,1x,1,T1070018,C,R11,Mid,2of2,External,Tdicm,l,uc
1749_T1070018_C_R11_2of2_Tdicm_1x1_p_uc,1749,Nikon,1x,1,T1070018,C,R11,Mid,2of2,External,Tdicm,p,uc
1750_T1070018_C_R16_1of2_Tdicm_1x1_d_uc,1750,Nikon,1x,1,T1070018,C,R16,Top,1of2,External,Tdicm,d,uc
1751_T1070018_C_R16_1of2_Tdicm_1x1_l_uc,1751,Nikon,1x,1,T1070018,C,R16,Top,1of2,External,Tdicm,l,uc
1752_T1070018_C_R16_1of2_Tdicm_1x1_p_uc,1752,Nikon,1x,1,T1070018,C,R16,Top,1of2,External,Tdicm,p,uc
1753_T1070018_C_R17_1of1_Tdicm_1x1_d_uc,1753,Nikon,1x,1,T1070018,C,R17,Top,1of1,Solo,Tdicm,d,uc
1754_T1070018_C_R17_1of1_Tdicm_1x1_l_uc,1754,Nikon,1x,1,T1070018,C,R17,Top,1of1,Solo,Tdicm,l,uc
1755_T1070018_C_R17_1of1_Tdicm_1x1_p_uc,1755,Nikon,1x,1,T1070018,C,R17,Top,1of1,Solo,Tdicm,p,uc
1756_T1070018_C_R18_1of1_Tdicm_1x1_d_uc,1756,Nikon,1x,1,T1070018,C,R18,Top,1of1,Solo,Tdicm,d,uc
1757_T1070018_C_R18_1of1_Tdicm_1x1_l_uc,1757,Nikon,1x,1,T1070018,C,R18,Top,1of1,Solo,Tdicm,l,uc
1758_T1070018_C_R18_1of1_Tdicm_1x1_p_uc,1758,Nikon,1x,1,T1070018,C,R18,Top,1of1,Solo,Tdicm,p,uc
2812_CGN10497_VB13__1of2_Timo_1x1_d_uc,2812,Nikon,1x,1,CGN10497,VB13,,Base,1of2,External,Timo,d,uc
2813_CGN10497_VB13__1of2_Timo_1x1_l_uc,2813,Nikon,1x,1,CGN10497,VB13,,Base,1of2,External,Timo,l,uc
2814_CGN10497_VB13__1of2_Timo_1x1_p_uc,2814,Nikon,1x,1,CGN10497,VB13,,Base,1of2,External,Timo,p,uc
2815_CGN10497_VB13__2of2_Timo_1x1_d_uc,2815,Nikon,1x,1,CGN10497,VB13,,Base,2of2,External,Timo,d,uc
2816_CGN10497_VB13__2of2_Timo_1x1_l_uc,2816,Nikon,1x,1,CGN10497,VB13,,Base,2of2,External,Timo,l,uc
2817_CGN10497_VB13__2of2_Timo_1x1_p_uc,2817,Nikon,1x,1,CGN10497,VB13,,Base,2of2,External,Timo,p,uc
2818_CGN10497_VB12__1of1_Timo_1x1_d_uc,2818,Nikon,1x,1,CGN10497,VB12,,Base,1of1,Solo,Timo,d,uc
2819_CGN10497_VB12__1of1_Timo_1x1_l_uc,2819,Nikon,1x,1,CGN10497,VB12,,Base,1of1,Solo,Timo,l,uc
2820_CGN10497_VB12__1of1_Timo_1x1_p_uc,2820,Nikon,1x,1,CGN10497,VB12,,Base,1of1,Solo,Timo,p,uc
2821_CGN10497_VB11__1of2_Timo_1x1_d_uc,2821,Nikon,1x,1,CGN10497,VB11,,Base,1of2,External,Timo,d,uc
2822_CGN10497_VB11__1of2_Timo_1x1_l_uc,2822,Nikon,1x,1,CGN10497,VB11,,Base,1of2,External,Timo,l,uc
2823_CGN10497_VB11__1of2_Timo_1x1_p_uc,2823,Nikon,1x,1,CGN10497,VB11,,Base,1of2,External,Timo,p,uc
2824_CGN10497_VB11__2of2_Timo_1x1_d_uc,2824,Nikon,1x,1,CGN10497,VB11,,Base,2of2,External,Timo,d,uc
2825_CGN10497_VB11__2of2_Timo_1x1_l_uc,2825,Nikon,1x,1,CGN10497,VB11,,Base,2of2,External,Timo,l,uc
2826_CGN10497_VB11__2of2_Timo_1x1_p_uc,2826,Nikon,1x,1,CGN10497,VB11,,Base,2of2,External,Timo,p,uc
2827_CGN10497_VB11__1of2_Timo_1x1_d_uc,2827,Nikon,1x,1,CGN10497,VB11,,Base,1of2,External,Timo,d,uc
2828_CGN10497_VB11__1of2_Timo_1x1_l_uc,2828,Nikon,1x,1,CGN10497,VB11,,Base,1of2,External,Timo,l,uc
2829_CGN10497_VB11__1of2_Timo_1x1_p_uc,2829,Nikon,1x,1,CGN10497,VB11,,Base,1of2,External,Timo,p,uc
2830_CGN10497_VB11__2of2_Timo_1x1_d_uc,2830,Nikon,1x,1,CGN10497,VB11,,Base,2of2,External,Timo,d,uc
2831_CGN10497_VB11__2of2_Timo_1x1_l_uc,2831,Nikon,1x,1,CGN10497,VB11,,Base,2of2,External,Timo,l,uc
2832_CGN10497_VB11__2of2_Timo_1x1_p_uc,2832,Nikon,1x,1,CGN10497,VB11,,Base,2of2,External,Timo,p,uc
2833_CGN10497_VB11__1of2_Timo_1x1_d_uc,2833,Nikon,1x,1,CGN10497,VB11,,Base,1of2,External,Timo,d,uc
2834_CGN10497_VB11__1of2_Timo_1x1_l_uc,2834,Nikon,1x,1,CGN10497,VB11,,Base,1of2,External,Timo,l,uc
2835_CGN10497_VB11__1of2_Timo_1x1_p_uc,2835,Nikon,1x,1,CGN10497,VB11,,Base,1of2,External,Timo,p,uc
2836_CGN10497_VB11__2of2_Timo_1x1_d_uc,2836,Nikon,1x,1,CGN10497,VB11,,Base,2of2,External,Timo,d,uc
2837_CGN10497_VB11__2of2_Timo_1x1_l_uc,2837,Nikon,1x,1,CGN10497,VB11,,Base,2of2,External,Timo,l,uc
2838_CGN10497_VB11__2of2_Timo_1x1_p_uc,2838,Nikon,1x,1,CGN10497,VB11,,Base,2of2,External,Timo,p,uc
2839_CGN10497_VB7__1of2_Timo_1x1_d_uc,2839,Nikon,1x,1,CGN10497,VB7,,Mid,1of2,External,Timo,d,uc
2840_CGN10497_VB7__1of2_Timo_1x1_l_uc,2840,Nikon,1x,1,CGN10497,VB7,,Mid,1of2,External,Timo,l,uc
2841_CGN10497_VB7__1of2_Timo_1x1_p_uc,2841,Nikon,1x,1,CGN10497,VB7,,Mid,1of2,External,Timo,p,uc
2842_CGN10497_VB7__2of2_Timo_1x1_d_uc,2842,Nikon,1x,1,CGN10497,VB7,,Mid,2of2,External,Timo,d,uc
2843_CGN10497_VB7__2of2_Timo_1x1_l_uc,2843,Nikon,1x,1,CGN10497,VB7,,Mid,2of2,External,Timo,l,uc
2844_CGN10497_VB7__2of2_Timo_1x1_p_uc,2844,Nikon,1x,1,CGN10497,VB7,,Mid,2of2,External,Timo,p,uc
2845_CGN10497_VB7__1of2_Timo_1x1_d_uc,2845,Nikon,1x,1,CGN10497,VB7,,Mid,1of2,External,Timo,d,uc
2846_CGN10497_VB7__1of2_Timo_1x1_l_uc,2846,Nikon,1x,1,CGN10497,VB7,,Mid,1of2,External,Timo,l,uc
2847_CGN10497_VB7__1of2_Timo_1x1_p_uc,2847,Nikon,1x,1,CGN10497,VB7,,Mid,1of2,External,Timo,p,uc
2848_CGN10497_VB7__2of2_Timo_1x1_d_uc,2848,Nikon,1x,1,CGN10497,VB7,,Mid,2of2,External,Timo,d,uc
2849_CGN10497_VB7__2of2_Timo_1x1_l_uc,2849,Nikon,1x,1,CGN10497,VB7,,Mid,2of2,External,Timo,l,uc
2850_CGN10497_VB7__2of2_Timo_1x1_p_uc,2850,Nikon,1x,1,CGN10497,VB7,,Mid,2of2,External,Timo,p,uc
2851_CGN10497_VB7__1of2_Timo_1x1_d_uc,2851,Nikon,1x,1,CGN10497,VB7,,Mid,1of2,External,Timo,d,uc
2852_CGN10497_VB7__1of2_Timo_1x1_l_uc,2852,Nikon,1x,1,CGN10497,VB7,,Mid,1of2,External,Timo,l,uc
2853_CGN10497_VB7__1of2_Timo_1x1_p_uc,2853,Nikon,1x,1,CGN10497,VB7,,Mid,1of2,External,Timo,p,uc
2854_CGN10497_VB7__2of2_Timo_1x1_d_uc,2854,Nikon,1x,1,CGN10497,VB7,,Mid,2of2,External,Timo,d,uc
2855_CGN10497_VB7__2of2_Timo_1x1_l_uc,2855,Nikon,1x,1,CGN10497,VB7,,Mid,2of2,External,Timo,l,uc
2856_CGN10497_VB7__2of2_Timo_1x1_p_uc,2856,Nikon,1x,1,CGN10497,VB7,,Mid,2of2,External,Timo,p,uc
2857_CGN10497_VB7__1of2_Timo_1x1_d_uc,2857,Nikon,1x,1,CGN10497,VB7,,Mid,1of2,External,Timo,d,uc
2858_CGN10497_VB7__1of2_Timo_1x1_l_uc,2858,Nikon,1x,1,CGN10497,VB7,,Mid,1of2,External,Timo,l,uc
2859_CGN10497_VB7__1of2_Timo_1x1_p_uc,2859,Nikon,1x,1,CGN10497,VB7,,Mid,1of2,External,Timo,p,uc
2860_CGN10497_VB7__2of2_Timo_1x1_d_uc,2860,Nikon,1x,1,CGN10497,VB7,,Mid,2of2,External,Timo,d,uc
2861_CGN10497_VB7__2of2_Timo_1x1_l_uc,2861,Nikon,1x,1,CGN10497,VB7,,Mid,2of2,External,Timo,l,uc
2862_CGN10497_VB7__2of2_Timo_1x1_p_uc,2862,Nikon,1x,1,CGN10497,VB7,,Mid,2of2,External,Timo,p,uc
2863_CGN10497_VB8__2of2_Timo_1x1_d_uc,2863,Nikon,1x,1,CGN10497,VB8,,Mid,2of2,External,Timo,d,uc
2864_CGN10497_VB8__2of2_Timo_1x1_l_uc,2864,Nikon,1x,1,CGN10497,VB8,,Mid,2of2,External,Timo,l,uc
2865_CGN10497_VB8__2of2_Timo_1x1_p_uc,2865,Nikon,1x,1,CGN10497,VB8,,Mid,2of2,External,Timo,p,uc
2866_CGN10497_-__1of2_Timo_1x1_d_uc,2866,Nikon,1x,1,CGN10497,-,,Top,1of2,External,Timo,d,uc
2867_CGN10497_-__1of2_Timo_1x1_l_uc,2867,Nikon,1x,1,CGN10497,-,,Top,1of2,External,Timo,l,uc
2868_CGN10497_-__1of2_Timo_1x1_p_uc,2868,Nikon,1x,1,CGN10497,-,,Top,1of2,External,Timo,p,uc
2869_CGN10497_-__2of2_Timo_1x1_d_uc,2869,Nikon,1x,1,CGN10497,-,,Top,2of2,External,Timo,d,uc
2870_CGN10497_-__2of2_Timo_1x1_l_uc,2870,Nikon,1x,1,CGN10497,-,,Top,2of2,External,Timo,l,uc
2871_CGN10497_-__2of2_Timo_1x1_p_uc,2871,Nikon,1x,1,CGN10497,-,,Top,2of2,External,Timo,p,uc
2872_CGN10497_-__1of1_Timo_1x1_d_uc,2872,Nikon,1x,1,CGN10497,-,,Top,1of1,Solo,Timo,d,uc
2873_CGN10497_-__1of1_Timo_1x1_l_uc,2873,Nikon,1x,1,CGN10497,-,,Top,1of1,Solo,Timo,l,uc
2874_CGN10497_-__1of1_Timo_1x1_p_uc,2874,Nikon,1x,1,CGN10497,-,,Top,1of1,Solo,Timo,p,uc
2875_CGN10497_-__1of1_Timo_1x1_d_uc,2875,Nikon,1x,1,CGN10497,-,,Top,1of1,Solo,Timo,d,uc
2876_CGN10497_-__1of1_Timo_1x1_l_uc,2876,Nikon,1x,1,CGN10497,-,,Top,1of1,Solo,Timo,l,uc
2877_CGN10497_-__1of1_Timo_1x1_p_uc,2877,Nikon,1x,1,CGN10497,-,,Top,1of1,Solo,Timo,p,uc
2878_CGN10497_VB2__1of1_Timo_1x1_d_uc,2878,Nikon,1x,1,CGN10497,VB2,,Top,1of1,Solo,Timo,d,uc
2879_CGN10497_VB2__1of1_Timo_1x1_l_uc,2879,Nikon,1x,1,CGN10497,VB2,,Top,1of1,Solo,Timo,l,uc
2880_CGN10497_VB2__1of1_Timo_1x1_p_uc,2880,Nikon,1x,1,CGN10497,VB2,,Top,1of1,Solo,Timo,p,uc
2881_CGN10497_VB2__1of1_Timo_1x1_d_uc,2881,Nikon,1x,1,CGN10497,VB2,,Top,1of1,Solo,Timo,d,uc
2882_CGN10497_VB2__1of1_Timo_1x1_l_uc,2882,Nikon,1x,1,CGN10497,VB2,,Top,1of1,Solo,Timo,l,uc
2883_CGN10497_VB2__1of1_Timo_1x1_p_uc,2883,Nikon,1x,1,CGN10497,VB2,,Top,1of1,Solo,Timo,p,uc
2884_CGN10497_VB3__1of1_Timo_1x1_d_uc,2884,Nikon,1x,1,CGN10497,VB3,,Top,1of1,Solo,Timo,d,uc
2885_CGN10497_VB3__1of1_Timo_1x1_l_uc,2885,Nikon,1x,1,CGN10497,VB3,,Top,1of1,Solo,Timo,l,uc
2886_CGN10497_VB3__1of1_Timo_1x1_p_uc,2886,Nikon,1x,1,CGN10497,VB3,,Top,1of1,Solo,Timo,p,uc
2887_CGN10497_VB4__1of2_Timo_1x1_d_uc,2887,Nikon,1x,1,CGN10497,VB4,,Top,1of2,External,Timo,d,uc
2888_CGN10497_VB4__1of2_Timo_1x1_l_uc,2888,Nikon,1x,1,CGN10497,VB4,,Top,1of2,External,Timo,l,uc
2889_CGN10497_VB4__1of2_Timo_1x1_p_uc,2889,Nikon,1x,1,CGN10497,VB4,,Top,1of2,External,Timo,p,uc
2890_CGN10497_VB4__2of2_Timo_1x1_d_uc,2890,Nikon,1x,1,CGN10497,VB4,,Top,2of2,External,Timo,d,uc
2891_CGN10497_VB4__2of2_Timo_1x1_l_uc,2891,Nikon,1x,1,CGN10497,VB4,,Top,2of2,External,Timo,l,uc
2892_CGN10497_VB4__2of2_Timo_1x1_p_uc,2892,Nikon,1x,1,CGN10497,VB4,,Top,2of2,External,Timo,p,uc
2893_PI434999_A_R1_1of1_Tdicm_1x1_d_uc,2893,Nikon,1x,1,PI434999,A,R1,Base,1of1,Solo,Tdicm,d,uc
2894_PI434999_A_R1_1of1_Tdicm_1x1_l_uc,2894,Nikon,1x,1,PI434999,A,R1,Base,1of1,Solo,Tdicm,l,uc
2895_PI434999_A_R1_1of1_Tdicm_1x1_p_uc,2895,Nikon,1x,1,PI434999,A,R1,Base,1of1,Solo,Tdicm,p,uc
2896_PI434999_A_R2_1of1_Tdicm_1x1_d_uc,2896,Nikon,1x,1,PI434999,A,R2,Base,1of1,Solo,Tdicm,d,uc
2897_PI434999_A_R2_1of1_Tdicm_1x1_l_uc,2897,Nikon,1x,1,PI434999,A,R2,Base,1of1,Solo,Tdicm,l,uc
2898_PI434999_A_R2_1of1_Tdicm_1x1_p_uc,2898,Nikon,1x,1,PI434999,A,R2,Base,1of1,Solo,Tdicm,p,uc
2899_PI434999_A_R3_1of2_Tdicm_1x1_d_uc,2899,Nikon,1x,1,PI434999,A,R3,Base,1of2,External,Tdicm,d,uc
2900_PI434999_A_R3_1of2_Tdicm_1x1_l_uc,2900,Nikon,1x,1,PI434999,A,R3,Base,1of2,External,Tdicm,l,uc
2901_PI434999_A_R3_1of2_Tdicm_1x1_p_uc,2901,Nikon,1x,1,PI434999,A,R3,Base,1of2,External,Tdicm,p,uc
2902_PI434999_A_R7_1of2_Tdicm_1x1_d_uc,2902,Nikon,1x,1,PI434999,A,R7,Mid,1of2,External,Tdicm,d,uc
2903_PI434999_A_R7_1of2_Tdicm_1x1_l_uc,2903,Nikon,1x,1,PI434999,A,R7,Mid,1of2,External,Tdicm,l,uc
2904_PI434999_A_R7_1of2_Tdicm_1x1_p_uc,2904,Nikon,1x,1,PI434999,A,R7,Mid,1of2,External,Tdicm,p,uc
2905_PI434999_A_R7_2of2_Tdicm_1x1_d_uc,2905,Nikon,1x,1,PI434999,A,R7,Mid,2of2,External,Tdicm,d,uc
2906_PI434999_A_R7_2of2_Tdicm_1x1_l_uc,2906,Nikon,1x,1,PI434999,A,R7,Mid,2of2,External,Tdicm,l,uc
2907_PI434999_A_R7_2of2_Tdicm_1x1_p_uc,2907,Nikon,1x,1,PI434999,A,R7,Mid,2of2,External,Tdicm,p,uc
2908_PI434999_A_R8_2of2_Tdicm_1x1_d_uc,2908,Nikon,1x,1,PI434999,A,R8,Mid,2of2,External,Tdicm,d,uc
2909_PI434999_A_R8_2of2_Tdicm_1x1_l_uc,2909,Nikon,1x,1,PI434999,A,R8,Mid,2of2,External,Tdicm,l,uc
2910_PI434999_A_R8_2of2_Tdicm_1x1_p_uc,2910,Nikon,1x,1,PI434999,A,R8,Mid,2of2,External,Tdicm,p,uc
2911_PI434999_A_R13_1of2_Tdicm_1x1_d_uc,2911,Nikon,1x,1,PI434999,A,R13,Top,1of2,External,Tdicm,d,uc
2912_PI434999_A_R13_1of2_Tdicm_1x1_l_uc,2912,Nikon,1x,1,PI434999,A,R13,Top,1of2,External,Tdicm,l,uc
2913_PI434999_A_R13_1of2_Tdicm_1x1_p_uc,2913,Nikon,1x,1,PI434999,A,R13,Top,1of2,External,Tdicm,p,uc
2914_PI434999_A_R13_2of2_Tdicm_1x1_d_uc,2914,Nikon,1x,1,PI434999,A,R13,Top,2of2,External,Tdicm,d,uc
2915_PI434999_A_R13_2of2_Tdicm_1x1_l_uc,2915,Nikon,1x,1,PI434999,A,R13,Top,2of2,External,Tdicm,l,uc
2916_PI434999_A_R13_2of2_Tdicm_1x1_p_uc,2916,Nikon,1x,1,PI434999,A,R13,Top,2of2,External,Tdicm,p,uc
2917_PI434999_A_R14_1of1_Tdicm_1x1_d_uc,2917,Nikon,1x,1,PI434999,A,R14,Top,1of1,Solo,Tdicm,d,uc
2918_PI434999_A_R14_1of1_Tdicm_1x1_l_uc,2918,Nikon,1x,1,PI434999,A,R14,Top,1of1,Solo,Tdicm,l,uc
2919_PI434999_A_R14_1of1_Tdicm_1x1_p_uc,2919,Nikon,1x,1,PI434999,A,R14,Top,1of1,Solo,Tdicm,p,uc
2920_PI434999_B_R1_1of1_Tdicm_1x1_d_uc,2920,Nikon,1x,1,PI434999,B,R1,Base,1of1,Solo,Tdicm,d,uc
2921_PI434999_B_R1_1of1_Tdicm_1x1_l_uc,2921,Nikon,1x,1,PI434999,B,R1,Base,1of1,Solo,Tdicm,l,uc
2922_PI434999_B_R1_1of1_Tdicm_1x1_p_uc,2922,Nikon,1x,1,PI434999,B,R1,Base,1of1,Solo,Tdicm,p,uc
2923_PI434999_B_R2_1of2_Tdicm_1x1_d_uc,2923,Nikon,1x,1,PI434999,B,R2,Base,1of2,External,Tdicm,d,uc
2924_PI434999_B_R2_1of2_Tdicm_1x1_l_uc,2924,Nikon,1x,1,PI434999,B,R2,Base,1of2,External,Tdicm,l,uc
2925_PI434999_B_R2_1of2_Tdicm_1x1_p_uc,2925,Nikon,1x,1,PI434999,B,R2,Base,1of2,External,Tdicm,p,uc
2926_PI434999_B_R2_2of2_Tdicm_1x1_d_uc,2926,Nikon,1x,1,PI434999,B,R2,Base,2of2,External,Tdicm,d,uc
2927_PI434999_B_R2_2of2_Tdicm_1x1_l_uc,2927,Nikon,1x,1,PI434999,B,R2,Base,2of2,External,Tdicm,l,uc
2928_PI434999_B_R2_2of2_Tdicm_1x1_p_uc,2928,Nikon,1x,1,PI434999,B,R2,Base,2of2,External,Tdicm,p,uc
2929_PI434999_B_R8_1of1_Tdicm_1x1_d_uc,2929,Nikon,1x,1,PI434999,B,R8,Mid,1of1,Solo,Tdicm,d,uc
2930_PI434999_B_R8_1of1_Tdicm_1x1_l_uc,2930,Nikon,1x,1,PI434999,B,R8,Mid,1of1,Solo,Tdicm,l,uc
2931_PI434999_B_R8_1of1_Tdicm_1x1_p_uc,2931,Nikon,1x,1,PI434999,B,R8,Mid,1of1,Solo,Tdicm,p,uc
2932_PI434999_B_R9_1of2_Tdicm_1x1_d_uc,2932,Nikon,1x,1,PI434999,B,R9,Mid,1of2,External,Tdicm,d,uc
2933_PI434999_B_R9_1of2_Tdicm_1x1_l_uc,2933,Nikon,1x,1,PI434999,B,R9,Mid,1of2,External,Tdicm,l,uc
2934_PI434999_B_R9_1of2_Tdicm_1x1_p_uc,2934,Nikon,1x,1,PI434999,B,R9,Mid,1of2,External,Tdicm,p,uc
2935_PI434999_B_R9_2of2_Tdicm_1x1_d_uc,2935,Nikon,1x,1,PI434999,B,R9,Mid,2of2,External,Tdicm,d,uc
2936_PI434999_B_R9_2of2_Tdicm_1x1_l_uc,2936,Nikon,1x,1,PI434999,B,R9,Mid,2of2,External,Tdicm,l,uc
2937_PI434999_B_R9_2of2_Tdicm_1x1_p_uc,2937,Nikon,1x,1,PI434999,B,R9,Mid,2of2,External,Tdicm,p,uc
2938_PI434999_B_R14_1of2_Tdicm_1x1_d_uc,2938,Nikon,1x,1,PI434999,B,R14,Top,1of2,External,Tdicm,d,uc
2939_PI434999_B_R14_1of2_Tdicm_1x1_l_uc,2939,Nikon,1x,1,PI434999,B,R14,Top,1of2,External,Tdicm,l,uc
2940_PI434999_B_R14_1of2_Tdicm_1x1_p_uc,2940,Nikon,1x,1,PI434999,B,R14,Top,1of2,External,Tdicm,p,uc
2941_PI434999_B_R14_2of2_Tdicm_1x1_d_uc,2941,Nikon,1x,1,PI434999,B,R14,Top,2of2,External,Tdicm,d,uc
2942_PI434999_B_R14_2of2_Tdicm_1x1_l_uc,2942,Nikon,1x,1,PI434999,B,R14,Top,2of2,External,Tdicm,l,uc
2943_PI434999_B_R14_2of2_Tdicm_1x1_p_uc,2943,Nikon,1x,1,PI434999,B,R14,Top,2of2,External,Tdicm,p,uc
2944_PI434999_B_R15_1of1_Tdicm_1x1_d_uc,2944,Nikon,1x,1,PI434999,B,R15,Top,1of1,Solo,Tdicm,d,uc
2945_PI434999_B_R15_1of1_Tdicm_1x1_l_uc,2945,Nikon,1x,1,PI434999,B,R15,Top,1of1,Solo,Tdicm,l,uc
2946_PI434999_B_R15_1of1_Tdicm_1x1_p_uc,2946,Nikon,1x,1,PI434999,B,R15,Top,1of1,Solo,Tdicm,p,uc
2947_PI434999_C_R1_1of2_Tdicm_1x1_d_uc,2947,Nikon,1x,1,PI434999,C,R1,Base,1of2,External,Tdicm,d,uc
2948_PI434999_C_R1_1of2_Tdicm_1x1_l_uc,2948,Nikon,1x,1,PI434999,C,R1,Base,1of2,External,Tdicm,l,uc
2949_PI434999_C_R1_1of2_Tdicm_1x1_p_uc,2949,Nikon,1x,1,PI434999,C,R1,Base,1of2,External,Tdicm,p,uc
2950_PI434999_C_R1_2of2_Tdicm_1x1_d_uc,2950,Nikon,1x,1,PI434999,C,R1,Base,2of2,External,Tdicm,d,uc
2951_PI434999_C_R1_2of2_Tdicm_1x1_l_uc,2951,Nikon,1x,1,PI434999,C,R1,Base,2of2,External,Tdicm,l,uc
2952_PI434999_C_R1_2of2_Tdicm_1x1_p_uc,2952,Nikon,1x,1,PI434999,C,R1,Base,2of2,External,Tdicm,p,uc
2953_PI434999_C_R2_1of2_Tdicm_1x1_d_uc,2953,Nikon,1x,1,PI434999,C,R2,Base,1of2,External,Tdicm,d,uc
2954_PI434999_C_R2_1of2_Tdicm_1x1_l_uc,2954,Nikon,1x,1,PI434999,C,R2,Base,1of2,External,Tdicm,l,uc
2955_PI434999_C_R2_1of2_Tdicm_1x1_p_uc,2955,Nikon,1x,1,PI434999,C,R2,Base,1of2,External,Tdicm,p,uc
2956_PI434999_C_R6_1of2_Tdicm_1x1_d_uc,2956,Nikon,1x,1,PI434999,C,R6,Mid,1of2,External,Tdicm,d,uc
2957_PI434999_C_R6_1of2_Tdicm_1x1_l_uc,2957,Nikon,1x,1,PI434999,C,R6,Mid,1of2,External,Tdicm,l,uc
2958_PI434999_C_R6_1of2_Tdicm_1x1_p_uc,2958,Nikon,1x,1,PI434999,C,R6,Mid,1of2,External,Tdicm,p,uc
2959_PI434999_C_R6_2of2_Tdicm_1x1_d_uc,2959,Nikon,1x,1,PI434999,C,R6,Mid,2of2,External,Tdicm,d,uc
2960_PI434999_C_R6_2of2_Tdicm_1x1_l_uc,2960,Nikon,1x,1,PI434999,C,R6,Mid,2of2,External,Tdicm,l,uc
2961_PI434999_C_R6_2of2_Tdicm_1x1_p_uc,2961,Nikon,1x,1,PI434999,C,R6,Mid,2of2,External,Tdicm,p,uc
2962_PI434999_C_R7_2of2_Tdicm_1x1_d_uc,2962,Nikon,1x,1,PI434999,C,R7,Mid,2of2,External,Tdicm,d,uc
2963_PI434999_C_R7_2of2_Tdicm_1x1_l_uc,2963,Nikon,1x,1,PI434999,C,R7,Mid,2of2,External,Tdicm,l,uc
2964_PI434999_C_R7_2of2_Tdicm_1x1_p_uc,2964,Nikon,1x,1,PI434999,C,R7,Mid,2of2,External,Tdicm,p,uc
2965_PI434999_C_R11_1of2_Tdicm_1x1_d_uc,2965,Nikon,1x,1,PI434999,C,R11,Top,1of2,External,Tdicm,d,uc
2966_PI434999_C_R11_1of2_Tdicm_1x1_l_uc,2966,Nikon,1x,1,PI434999,C,R11,Top,1of2,External,Tdicm,l,uc
2967_PI434999_C_R11_1of2_Tdicm_1x1_p_uc,2967,Nikon,1x,1,PI434999,C,R11,Top,1of2,External,Tdicm,p,uc
2968_PI434999_C_R11_2of2_Tdicm_1x1_d_uc,2968,Nikon,1x,1,PI434999,C,R11,Top,2of2,External,Tdicm,d,uc
2969_PI434999_C_R11_2of2_Tdicm_1x1_l_uc,2969,Nikon,1x,1,PI434999,C,R11,Top,2of2,External,Tdicm,l,uc
2970_PI434999_C_R11_2of2_Tdicm_1x1_p_uc,2970,Nikon,1x,1,PI434999,C,R11,Top,2of2,External,Tdicm,p,uc
2971_PI434999_C_R15_1of1_Tdicm_1x1_d_uc,2971,Nikon,1x,1,PI434999,C,R15,Top,1of1,Solo,Tdicm,d,uc
2972_PI434999_C_R15_1of1_Tdicm_1x1_l_uc,2972,Nikon,1x,1,PI434999,C,R15,Top,1of1,Solo,Tdicm,l,uc
2973_PI434999_C_R15_1of1_Tdicm_1x1_p_uc,2973,Nikon,1x,1,PI434999,C,R15,Top,1of1,Solo,Tdicm,p,uc
7000_TRI11509_-_Base_1of2_Tara_1x1_d_uc,7000,Nikon,1x,1,TRI11509,-,,Base,1of2,External,Tara,d,uc
7001_TRI11509_-_Base_1of2_Tara_1x1_l_uc,7001,Nikon,1x,1,TRI11509,-,,Base,1of2,External,Tara,l,uc
7002_TRI11509_-_Base_1of2_Tara_1x1_p_uc,7002,Nikon,1x,1,TRI11509,-,,Base,1of2,External,Tara,p,uc
7003_TRI11509_-_Base_2of2_Tara_1x1_d_uc,7003,Nikon,1x,1,TRI11509,-,,Base,2of2,External,Tara,d,uc
7004_TRI11509_-_Base_2of2_Tara_1x1_l_uc,7004,Nikon,1x,1,TRI11509,-,,Base,2of2,External,Tara,l,uc
7005_TRI11509_-_Base_2of2_Tara_1x1_p_uc,7005,Nikon,1x,1,TRI11509,-,,Base,2of2,External,Tara,p,uc
7006_TRI11509_-_Base_1of2_Tara_1x1_d_uc,7006,Nikon,1x,1,TRI11509,-,,Base,1of2,External,Tara,d,uc
7007_TRI11509_-_Base_1of2_Tara_1x1_l_uc,7007,Nikon,1x,1,TRI11509,-,,Base,1of2,External,Tara,l,uc
7008_TRI11509_-_Base_1of2_Tara_1x1_p_uc,7008,Nikon,1x,1,TRI11509,-,,Base,1of2,External,Tara,p,uc
7009_TRI11509_-_Base_2of2_Tara_1x1_d_uc,7009,Nikon,1x,1,TRI11509,-,,Base,2of2,External,Tara,d,uc
7010_TRI11509_-_Base_2of2_Tara_1x1_l_uc,7010,Nikon,1x,1,TRI11509,-,,Base,2of2,External,Tara,l,uc
7011_TRI11509_-_Base_2of2_Tara_1x1_p_uc,7011,Nikon,1x,1,TRI11509,-,,Base,2of2,External,Tara,p,uc
7012_TRI11509_-_Base_1of2_Tara_1x1_d_uc,7012,Nikon,1x,1,TRI11509,-,,Base,1of2,External,Tara,d,uc
7013_TRI11509_-_Base_1of2_Tara_1x1_l_uc,7013,Nikon,1x,1,TRI11509,-,,Base,1of2,External,Tara,l,uc
7014_TRI11509_-_Base_1of2_Tara_1x1_p_uc,7014,Nikon,1x,1,TRI11509,-,,Base,1of2,External,Tara,p,uc
7015_TRI11509_-_Base_2of2_Tara_1x1_d_uc,7015,Nikon,1x,1,TRI11509,-,,Base,2of2,External,Tara,d,uc
7016_TRI11509_-_Base_2of2_Tara_1x1_l_uc,7016,Nikon,1x,1,TRI11509,-,,Base,2of2,External,Tara,l,uc
7017_TRI11509_-_Base_2of2_Tara_1x1_p_uc,7017,Nikon,1x,1,TRI11509,-,,Base,2of2,External,Tara,p,uc
7018_TRI11509_VB13_Base_1of2_Tara_1x1_d_uc,7018,Nikon,1x,1,TRI11509,VB13,,Base,1of2,External,Tara,d,uc
7019_TRI11509_VB13_Base_1of2_Tara_1x1_l_uc,7019,Nikon,1x,1,TRI11509,VB13,,Base,1of2,External,Tara,l,uc
7020_TRI11509_VB13_Base_1of2_Tara_1x1_p_uc,7020,Nikon,1x,1,TRI11509,VB13,,Base,1of2,External,Tara,p,uc
7021_TRI11509_VB13_Base_2of2_Tara_1x1_d_uc,7021,Nikon,1x,1,TRI11509,VB13,,Base,2of2,External,Tara,d,uc
7022_TRI11509_VB13_Base_2of2_Tara_1x1_l_uc,7022,Nikon,1x,1,TRI11509,VB13,,Base,2of2,External,Tara,l,uc
7023_TRI11509_VB13_Base_2of2_Tara_1x1_p_uc,7023,Nikon,1x,1,TRI11509,VB13,,Base,2of2,External,Tara,p,uc
7024_TRI11509_VB12_Base_1of2_Tara_1x1_d_uc,7024,Nikon,1x,1,TRI11509,VB12,,Base,1of2,External,Tara,d,uc
7025_TRI11509_VB12_Base_1of2_Tara_1x1_l_uc,7025,Nikon,1x,1,TRI11509,VB12,,Base,1of2,External,Tara,l,uc
7026_TRI11509_VB12_Base_1of2_Tara_1x1_p_uc,7026,Nikon,1x,1,TRI11509,VB12,,Base,1of2,External,Tara,p,uc
7027_TRI11509_VB8_Mid_1of2_Tara_1x1_d_uc,7027,Nikon,1x,1,TRI11509,VB8,,Mid,1of2,External,Tara,d,uc
7028_TRI11509_VB8_Mid_1of2_Tara_1x1_l_uc,7028,Nikon,1x,1,TRI11509,VB8,,Mid,1of2,External,Tara,l,uc
7029_TRI11509_VB8_Mid_1of2_Tara_1x1_p_uc,7029,Nikon,1x,1,TRI11509,VB8,,Mid,1of2,External,Tara,p,uc
7030_TRI11509_VB8_Mid_2of2_Tara_1x1_d_uc,7030,Nikon,1x,1,TRI11509,VB8,,Mid,2of2,External,Tara,d,uc
7031_TRI11509_VB8_Mid_2of2_Tara_1x1_l_uc,7031,Nikon,1x,1,TRI11509,VB8,,Mid,2of2,External,Tara,l,uc
7032_TRI11509_VB8_Mid_2of2_Tara_1x1_p_uc,7032,Nikon,1x,1,TRI11509,VB8,,Mid,2of2,External,Tara,p,uc
7033_TRI11509_VB8_Mid_1of2_Tara_1x1_d_uc,7033,Nikon,1x,1,TRI11509,VB8,,Mid,1of2,External,Tara,d,uc
7034_TRI11509_VB8_Mid_1of2_Tara_1x1_l_uc,7034,Nikon,1x,1,TRI11509,VB8,,Mid,1of2,External,Tara,l,uc
7035_TRI11509_VB8_Mid_1of2_Tara_1x1_p_uc,7035,Nikon,1x,1,TRI11509,VB8,,Mid,1of2,External,Tara,p,uc
7036_TRI11509_VB8_Mid_2of2_Tara_1x1_d_uc,7036,Nikon,1x,1,TRI11509,VB8,,Mid,2of2,External,Tara,d,uc
7037_TRI11509_VB8_Mid_2of2_Tara_1x1_l_uc,7037,Nikon,1x,1,TRI11509,VB8,,Mid,2of2,External,Tara,l,uc
7038_TRI11509_VB8_Mid_2of2_Tara_1x1_p_uc,7038,Nikon,1x,1,TRI11509,VB8,,Mid,2of2,External,Tara,p,uc
7039_TRI11509_VB8_Mid_1of2_Tara_1x1_d_uc,7039,Nikon,1x,1,TRI11509,VB8,,Mid,1of2,External,Tara,d,uc
7040_TRI11509_VB8_Mid_1of2_Tara_1x1_l_uc,7040,Nikon,1x,1,TRI11509,VB8,,Mid,1of2,External,Tara,l,uc
7041_TRI11509_VB8_Mid_1of2_Tara_1x1_p_uc,7041,Nikon,1x,1,TRI11509,VB8,,Mid,1of2,External,Tara,p,uc
7042_TRI11509_VB8_Mid_2of2_Tara_1x1_d_uc,7042,Nikon,1x,1,TRI11509,VB8,,Mid,2of2,External,Tara,d,uc
7043_TRI11509_VB8_Mid_2of2_Tara_1x1_l_uc,7043,Nikon,1x,1,TRI11509,VB8,,Mid,2of2,External,Tara,l,uc
7044_TRI11509_VB8_Mid_2of2_Tara_1x1_p_uc,7044,Nikon,1x,1,TRI11509,VB8,,Mid,2of2,External,Tara,p,uc
7045_TRI11509_VB7_Mid_1of2_Tara_1x1_d_uc,7045,Nikon,1x,1,TRI11509,VB7,,Mid,1of2,External,Tara,d,uc
7046_TRI11509_VB7_Mid_1of2_Tara_1x1_l_uc,7046,Nikon,1x,1,TRI11509,VB7,,Mid,1of2,External,Tara,l,uc
7047_TRI11509_VB7_Mid_1of2_Tara_1x1_p_uc,7047,Nikon,1x,1,TRI11509,VB7,,Mid,1of2,External,Tara,p,uc
7048_TRI11509_VB7_Mid_2of2_Tara_1x1_d_uc,7048,Nikon,1x,1,TRI11509,VB7,,Mid,2of2,External,Tara,d,uc
7049_TRI11509_VB7_Mid_2of2_Tara_1x1_l_uc,7049,Nikon,1x,1,TRI11509,VB7,,Mid,2of2,External,Tara,l,uc
7050_TRI11509_VB7_Mid_2of2_Tara_1x1_p_uc,7050,Nikon,1x,1,TRI11509,VB7,,Mid,2of2,External,Tara,p,uc
7051_TRI11509_VB7_Mid_1of2_Tara_1x1_d_uc,7051,Nikon,1x,1,TRI11509,VB7,,Mid,1of2,External,Tara,d,uc
7052_TRI11509_VB7_Mid_1of2_Tara_1x1_l_uc,7052,Nikon,1x,1,TRI11509,VB7,,Mid,1of2,External,Tara,l,uc
7053_TRI11509_VB7_Mid_1of2_Tara_1x1_p_uc,7053,Nikon,1x,1,TRI11509,VB7,,Mid,1of2,External,Tara,p,uc
7054_TRI11509_VB3_Top_1of2_Tara_1x1_d_uc,7054,Nikon,1x,1,TRI11509,VB3,,Top,1of2,External,Tara,d,uc
7055_TRI11509_VB3_Top_1of2_Tara_1x1_l_uc,7055,Nikon,1x,1,TRI11509,VB3,,Top,1of2,External,Tara,l,uc
7056_TRI11509_VB3_Top_1of2_Tara_1x1_p_uc,7056,Nikon,1x,1,TRI11509,VB3,,Top,1of2,External,Tara,p,uc
7057_TRI11509_VB3_Top_2of2_Tara_1x1_d_uc,7057,Nikon,1x,1,TRI11509,VB3,,Top,2of2,External,Tara,d,uc
7058_TRI11509_VB3_Top_2of2_Tara_1x1_l_uc,7058,Nikon,1x,1,TRI11509,VB3,,Top,2of2,External,Tara,l,uc
7059_TRI11509_VB3_Top_2of2_Tara_1x1_p_uc,7059,Nikon,1x,1,TRI11509,VB3,,Top,2of2,External,Tara,p,uc
7060_TRI11509_VB4_Top_1of1_Tara_1x1_d_uc,7060,Nikon,1x,1,TRI11509,VB4,,Top,1of1,Solo,Tara,d,uc
7061_TRI11509_VB4_Top_1of1_Tara_1x1_l_uc,7061,Nikon,1x,1,TRI11509,VB4,,Top,1of1,Solo,Tara,l,uc
7062_TRI11509_VB4_Top_1of1_Tara_1x1_p_uc,7062,Nikon,1x,1,TRI11509,VB4,,Top,1of1,Solo,Tara,p,uc
7063_TRI11509_VB4_Top_1of2_Tara_1x1_d_uc,7063,Nikon,1x,1,TRI11509,VB4,,Top,1of2,External,Tara,d,uc
7064_TRI11509_VB4_Top_1of2_Tara_1x1_l_uc,7064,Nikon,1x,1,TRI11509,VB4,,Top,1of2,External,Tara,l,uc
7065_TRI11509_VB4_Top_1of2_Tara_1x1_p_uc,7065,Nikon,1x,1,TRI11509,VB4,,Top,1of2,External,Tara,p,uc
7066_TRI11509_VB4_Top_2of2_Tara_1x1_d_uc,7066,Nikon,1x,1,TRI11509,VB4,,Top,2of2,External,Tara,d,uc
7067_TRI11509_VB4_Top_2of2_Tara_1x1_l_uc,7067,Nikon,1x,1,TRI11509,VB4,,Top,2of2,External,Tara,l,uc
7068_TRI11509_VB4_Top_2of2_Tara_1x1_p_uc,7068,Nikon,1x,1,TRI11509,VB4,,Top,2of2,External,Tara,p,uc
7069_TRI11509_VB4_Top_1of2_Tara_1x1_d_uc,7069,Nikon,1x,1,TRI11509,VB4,,Top,1of2,External,Tara,d,uc
7070_TRI11509_VB4_Top_1of2_Tara_1x1_l_uc,7070,Nikon,1x,1,TRI11509,VB4,,Top,1of2,External,Tara,l,uc
7071_TRI11509_VB4_Top_1of2_Tara_1x1_p_uc,7071,Nikon,1x,1,TRI11509,VB4,,Top,1of2,External,Tara,p,uc
7108_TRI11509_-_Terminal_1of1_Tara_1x1_d_uc,7108,Nikon,1x,1,TRI11509,-,,Top,1of1,Solo,Tara,d,uc
7109_TRI11509_-_Terminal_1of1_Tara_1x1_l_uc,7109,Nikon,1x,1,TRI11509,-,,Top,1of1,Solo,Tara,l,uc
7110_TRI11509_-_Terminal_1of1_Tara_1x1_p_uc,7110,Nikon,1x,1,TRI11509,-,,Top,1of1,Solo,Tara,p,uc
7111_TRI11509_-_Terminal_1of2_Tara_1x1_d_uc,7111,Nikon,1x,1,TRI11509,-,,Top,1of2,External,Tara,d,uc
7112_TRI11509_-_Terminal_1of2_Tara_1x1_l_uc,7112,Nikon,1x,1,TRI11509,-,,Top,1of2,External,Tara,l,uc
7113_TRI11509_-_Terminal_1of2_Tara_1x1_p_uc,7113,Nikon,1x,1,TRI11509,-,,Top,1of2,External,Tara,p,uc
7114_TRI11509_-_Terminal_1of2_Tara_1x1_d_uc,7114,Nikon,1x,1,TRI11509,-,,Top,1of2,External,Tara,d,uc
7115_TRI11509_-_Terminal_1of2_Tara_1x1_l_uc,7115,Nikon,1x,1,TRI11509,-,,Top,1of2,External,Tara,l,uc
7116_TRI11509_-_Terminal_1of2_Tara_1x1_p_uc,7116,Nikon,1x,1,TRI11509,-,,Top,1of2,External,Tara,p,uc
7162_T1150001_-_Base_1of1_Tara_1x1_d_c,7162,Nikon,1x,1,T1150001,-,,Base,1of1,Solo,Tara,d,c
7163_T1150001_-_Base_1of1_Tara_1x1_l_c,7163,Nikon,1x,1,T1150001,-,,Base,1of1,Solo,Tara,l,c
7164_T1150001_-_Base_1of1_Tara_1x1_p_c,7164,Nikon,1x,1,T1150001,-,,Base,1of1,Solo,Tara,p,c
7165_T1150001_-_Base_1of1_Tara_1x1_d_c,7165,Nikon,1x,1,T1150001,-,,Base,1of1,Solo,Tara,d,c
7166_T1150001_-_Base_1of1_Tara_1x1_l_c,7166,Nikon,1x,1,T1150001,-,,Base,1of1,Solo,Tara,l,c
7167_T1150001_-_Base_1of1_Tara_1x1_p_c,7167,Nikon,1x,1,T1150001,-,,Base,1of1,Solo,Tara,p,c
7168_T1150001_VB13_Base_1of1_Tara_1x1_d_c,7168,Nikon,1x,1,T1150001,VB13,,Base,1of1,Solo,Tara,d,c
7169_T1150001_VB13_Base_1of1_Tara_1x1_l_c,7169,Nikon,1x,1,T1150001,VB13,,Base,1of1,Solo,Tara,l,c
7170_T1150001_VB13_Base_1of1_Tara_1x1_p_c,7170,Nikon,1x,1,T1150001,VB13,,Base,1of1,Solo,Tara,p,c
7171_T1150001_VB13_Base_2of2_Tara_1x1_d_c,7171,Nikon,1x,1,T1150001,VB13,,Base,2of2,External,Tara,d,c
7172_T1150001_VB13_Base_2of2_Tara_1x1_l_c,7172,Nikon,1x,1,T1150001,VB13,,Base,2of2,External,Tara,l,c
7173_T1150001_VB13_Base_2of2_Tara_1x1_p_c,7173,Nikon,1x,1,T1150001,VB13,,Base,2of2,External,Tara,p,c
7174_T1150001_VB12_Base_1of2_Tara_1x1_d_c,7174,Nikon,1x,1,T1150001,VB12,,Base,1of2,External,Tara,d,c
7175_T1150001_VB12_Base_1of2_Tara_1x1_l_c,7175,Nikon,1x,1,T1150001,VB12,,Base,1of2,External,Tara,l,c
7176_T1150001_VB12_Base_1of2_Tara_1x1_p_c,7176,Nikon,1x,1,T1150001,VB12,,Base,1of2,External,Tara,p,c
7177_T1150001_VB12_Base_2of2_Tara_1x1_d_c,7177,Nikon,1x,1,T1150001,VB12,,Base,2of2,External,Tara,d,c
7178_T1150001_VB12_Base_2of2_Tara_1x1_l_c,7178,Nikon,1x,1,T1150001,VB12,,Base,2of2,External,Tara,l,c
7179_T1150001_VB12_Base_2of2_Tara_1x1_p_c,7179,Nikon,1x,1,T1150001,VB12,,Base,2of2,External,Tara,p,c
7180_T1150001_VB12_Base_1of2_Tara_1x1_d_c,7180,Nikon,1x,1,T1150001,VB12,,Base,1of2,External,Tara,d,c
7181_T1150001_VB12_Base_1of2_Tara_1x1_l_c,7181,Nikon,1x,1,T1150001,VB12,,Base,1of2,External,Tara,l,c
7182_T1150001_VB12_Base_1of2_Tara_1x1_p_c,7182,Nikon,1x,1,T1150001,VB12,,Base,1of2,External,Tara,p,c
7183_T1150001_VB12_Base_2of2_Tara_1x1_d_c,7183,Nikon,1x,1,T1150001,VB12,,Base,2of2,External,Tara,d,c
7184_T1150001_VB12_Base_2of2_Tara_1x1_l_c,7184,Nikon,1x,1,T1150001,VB12,,Base,2of2,External,Tara,l,c
7185_T1150001_VB12_Base_2of2_Tara_1x1_p_c,7185,Nikon,1x,1,T1150001,VB12,,Base,2of2,External,Tara,p,c
7186_T1150001_VB12_Base_2of2_Tara_1x1_d_c,7186,Nikon,1x,1,T1150001,VB12,,Base,2of2,External,Tara,d,c
7187_T1150001_VB12_Base_2of2_Tara_1x1_l_c,7187,Nikon,1x,1,T1150001,VB12,,Base,2of2,External,Tara,l,c
7188_T1150001_VB12_Base_2of2_Tara_1x1_p_c,7188,Nikon,1x,1,T1150001,VB12,,Base,2of2,External,Tara,p,c
7189_T1150001_VB8_Mid_1of2_Tara_1x1_d_c,7189,Nikon,1x,1,T1150001,VB8,,Mid,1of2,External,Tara,d,c
7190_T1150001_VB8_Mid_1of2_Tara_1x1_l_c,7190,Nikon,1x,1,T1150001,VB8,,Mid,1of2,External,Tara,l,c
7191_T1150001_VB8_Mid_1of2_Tara_1x1_p_c,7191,Nikon,1x,1,T1150001,VB8,,Mid,1of2,External,Tara,p,c
7192_T1150001_VB8_Mid_2of2_Tara_1x1_d_c,7192,Nikon,1x,1,T1150001,VB8,,Mid,2of2,External,Tara,d,c
7193_T1150001_VB8_Mid_2of2_Tara_1x1_l_c,7193,Nikon,1x,1,T1150001,VB8,,Mid,2of2,External,Tara,l,c
7194_T1150001_VB8_Mid_2of2_Tara_1x1_p_c,7194,Nikon,1x,1,T1150001,VB8,,Mid,2of2,External,Tara,p,c
7195_T1150001_VB7_Mid_1of2_Tara_1x1_d_c,7195,Nikon,1x,1,T1150001,VB7,,Mid,1of2,External,Tara,d,c
7196_T1150001_VB7_Mid_1of2_Tara_1x1_l_c,7196,Nikon,1x,1,T1150001,VB7,,Mid,1of2,External,Tara,l,c
7197_T1150001_VB7_Mid_1of2_Tara_1x1_p_c,7197,Nikon,1x,1,T1150001,VB7,,Mid,1of2,External,Tara,p,c
7198_T1150001_VB7_Mid_2of2_Tara_1x1_d_c,7198,Nikon,1x,1,T1150001,VB7,,Mid,2of2,External,Tara,d,c
7199_T1150001_VB7_Mid_2of2_Tara_1x1_l_c,7199,Nikon,1x,1,T1150001,VB7,,Mid,2of2,External,Tara,l,c
7200_T1150001_VB7_Mid_2of2_Tara_1x1_p_c,7200,Nikon,1x,1,T1150001,VB7,,Mid,2of2,External,Tara,p,c
7201_T1150001_VB7_Mid_1of2_Tara_1x1_d_c,7201,Nikon,1x,1,T1150001,VB7,,Mid,1of2,External,Tara,d,c
7202_T1150001_VB7_Mid_1of2_Tara_1x1_l_c,7202,Nikon,1x,1,T1150001,VB7,,Mid,1of2,External,Tara,l,c
7203_T1150001_VB7_Mid_1of2_Tara_1x1_p_c,7203,Nikon,1x,1,T1150001,VB7,,Mid,1of2,External,Tara,p,c
7204_T1150001_VB7_Mid_2of2_Tara_1x1_d_c,7204,Nikon,1x,1,T1150001,VB7,,Mid,2of2,External,Tara,d,c
7205_T1150001_VB7_Mid_2of2_Tara_1x1_l_c,7205,Nikon,1x,1,T1150001,VB7,,Mid,2of2,External,Tara,l,c
7206_T1150001_VB7_Mid_2of2_Tara_1x1_p_c,7206,Nikon,1x,1,T1150001,VB7,,Mid,2of2,External,Tara,p,c
7207_T1150001_VB9_Mid_1of2_Tara_1x1_d_c,7207,Nikon,1x,1,T1150001,VB9,,Mid,1of2,External,Tara,d,c
7208_T1150001_VB9_Mid_1of2_Tara_1x1_l_c,7208,Nikon,1x,1,T1150001,VB9,,Mid,1of2,External,Tara,l,c
7209_T1150001_VB9_Mid_1of2_Tara_1x1_p_c,7209,Nikon,1x,1,T1150001,VB9,,Mid,1of2,External,Tara,p,c
7210_T1150001_VB9_Mid_2of2_Tara_1x1_d_c,7210,Nikon,1x,1,T1150001,VB9,,Mid,2of2,External,Tara,d,c
7211_T1150001_VB9_Mid_2of2_Tara_1x1_l_c,7211,Nikon,1x,1,T1150001,VB9,,Mid,2of2,External,Tara,l,c
7212_T1150001_VB9_Mid_2of2_Tara_1x1_p_c,7212,Nikon,1x,1,T1150001,VB9,,Mid,2of2,External,Tara,p,c
7213_T1150001_VB9_Mid_2of2_Tara_1x1_d_c,7213,Nikon,1x,1,T1150001,VB9,,Mid,2of2,External,Tara,d,c
7214_T1150001_VB9_Mid_2of2_Tara_1x1_l_c,7214,Nikon,1x,1,T1150001,VB9,,Mid,2of2,External,Tara,l,c
7215_T1150001_VB9_Mid_2of2_Tara_1x1_p_c,7215,Nikon,1x,1,T1150001,VB9,,Mid,2of2,External,Tara,p,c
7216_T1150001_-_Top_1of1_Tara_1x1_d_c,7216,Nikon,1x,1,T1150001,-,,Top,1of1,Solo,Tara,d,c
7217_T1150001_-_Top_1of1_Tara_1x1_l_c,7217,Nikon,1x,1,T1150001,-,,Top,1of1,Solo,Tara,l,c
7218_T1150001_-_Top_1of1_Tara_1x1_p_c,7218,Nikon,1x,1,T1150001,-,,Top,1of1,Solo,Tara,p,c
7219_T1150001_VB3_Top_1of1_Tara_1x1_d_c,7219,Nikon,1x,1,T1150001,VB3,,Top,1of1,Solo,Tara,d,c
7220_T1150001_VB3_Top_1of1_Tara_1x1_l_c,7220,Nikon,1x,1,T1150001,VB3,,Top,1of1,Solo,Tara,l,c
7221_T1150001_VB3_Top_1of1_Tara_1x1_p_c,7221,Nikon,1x,1,T1150001,VB3,,Top,1of1,Solo,Tara,p,c
7222_T1150001_VB3_Top_1of2_Tara_1x1_d_c,7222,Nikon,1x,1,T1150001,VB3,,Top,1of2,External,Tara,d,c
7223_T1150001_VB3_Top_1of2_Tara_1x1_l_c,7223,Nikon,1x,1,T1150001,VB3,,Top,1of2,External,Tara,l,c
7224_T1150001_VB3_Top_1of2_Tara_1x1_p_c,7224,Nikon,1x,1,T1150001,VB3,,Top,1of2,External,Tara,p,c
7225_T1150001_VB3_Top_2of2_Tara_1x1_d_c,7225,Nikon,1x,1,T1150001,VB3,,Top,2of2,External,Tara,d,c
7226_T1150001_VB3_Top_2of2_Tara_1x1_l_c,7226,Nikon,1x,1,T1150001,VB3,,Top,2of2,External,Tara,l,c
7227_T1150001_VB3_Top_2of2_Tara_1x1_p_c,7227,Nikon,1x,1,T1150001,VB3,,Top,2of2,External,Tara,p,c
7228_T1150001_VB5_Top_1of2_Tara_1x1_d_c,7228,Nikon,1x,1,T1150001,VB5,,Top,1of2,External,Tara,d,c
7229_T1150001_VB5_Top_1of2_Tara_1x1_l_c,7229,Nikon,1x,1,T1150001,VB5,,Top,1of2,External,Tara,l,c
7230_T1150001_VB5_Top_1of2_Tara_1x1_p_c,7230,Nikon,1x,1,T1150001,VB5,,Top,1of2,External,Tara,p,c
7231_T1150001_VB5_Top_2of2_Tara_1x1_d_c,7231,Nikon,1x,1,T1150001,VB5,,Top,2of2,External,Tara,d,c
7232_T1150001_VB5_Top_2of2_Tara_1x1_l_c,7232,Nikon,1x,1,T1150001,VB5,,Top,2of2,External,Tara,l,c
7233_T1150001_VB5_Top_2of2_Tara_1x1_p_c,7233,Nikon,1x,1,T1150001,VB5,,Top,2of2,External,Tara,p,c
7234_T1150001_VB5_Top_1of2_Tara_1x1_d_c,7234,Nikon,1x,1,T1150001,VB5,,Top,1of2,External,Tara,d,c
7235_T1150001_VB5_Top_1of2_Tara_1x1_l_c,7235,Nikon,1x,1,T1150001,VB5,,Top,1of2,External,Tara,l,c
7236_T1150001_VB5_Top_1of2_Tara_1x1_p_c,7236,Nikon,1x,1,T1150001,VB5,,Top,1of2,External,Tara,p,c
7237_T1150001_VB5_Top_2of2_Tara_1x1_d_c,7237,Nikon,1x,1,T1150001,VB5,,Top,2of2,External,Tara,d,c
7238_T1150001_VB5_Top_2of2_Tara_1x1_l_c,7238,Nikon,1x,1,T1150001,VB5,,Top,2of2,External,Tara,l,c
7239_T1150001_VB5_Top_2of2_Tara_1x1_p_c,7239,Nikon,1x,1,T1150001,VB5,,Top,2of2,External,Tara,p,c
7240_T1150001_VB5_Top_1of1_Tara_1x1_d_c,7240,Nikon,1x,1,T1150001,VB5,,Top,1of1,Solo,Tara,d,c
7241_T1150001_VB5_Top_1of1_Tara_1x1_l_c,7241,Nikon,1x,1,T1150001,VB5,,Top,1of1,Solo,Tara,l,c
7242_T1150001_VB5_Top_1of1_Tara_1x1_p_c,7242,Nikon,1x,1,T1150001,VB5,,Top,1of1,Solo,Tara,p,c
7333_T1150003_VB12_Base_1of2_Tara_1x1_d_uc,7333,Nikon,1x,1,T1150003,VB12,,Base,1of2,External,Tara,d,uc
7334_T1150003_VB12_Base_1of2_Tara_1x1_l_uc,7334,Nikon,1x,1,T1150003,VB12,,Base,1of2,External,Tara,l,uc
7335_T1150003_VB12_Base_1of2_Tara_1x1_p_uc,7335,Nikon,1x,1,T1150003,VB12,,Base,1of2,External,Tara,p,uc
7336_T1150003_VB12_Base_2of2_Tara_1x1_d_uc,7336,Nikon,1x,1,T1150003,VB12,,Base,2of2,External,Tara,d,uc
7337_T1150003_VB12_Base_2of2_Tara_1x1_l_uc,7337,Nikon,1x,1,T1150003,VB12,,Base,2of2,External,Tara,l,uc
7338_T1150003_VB12_Base_2of2_Tara_1x1_p_uc,7338,Nikon,1x,1,T1150003,VB12,,Base,2of2,External,Tara,p,uc
7339_T1150003_VB12_Base_1of2_Tara_1x1_d_uc,7339,Nikon,1x,1,T1150003,VB12,,Base,1of2,External,Tara,d,uc
7340_T1150003_VB12_Base_1of2_Tara_1x1_l_uc,7340,Nikon,1x,1,T1150003,VB12,,Base,1of2,External,Tara,l,uc
7341_T1150003_VB12_Base_1of2_Tara_1x1_p_uc,7341,Nikon,1x,1,T1150003,VB12,,Base,1of2,External,Tara,p,uc
7342_T1150003_VB12_Base_2of2_Tara_1x1_d_uc,7342,Nikon,1x,1,T1150003,VB12,,Base,2of2,External,Tara,d,uc
7343_T1150003_VB12_Base_2of2_Tara_1x1_l_uc,7343,Nikon,1x,1,T1150003,VB12,,Base,2of2,External,Tara,l,uc
7344_T1150003_VB12_Base_2of2_Tara_1x1_p_uc,7344,Nikon,1x,1,T1150003,VB12,,Base,2of2,External,Tara,p,uc
7345_T1150003_VB11_Base_1of2_Tara_1x1_d_uc,7345,Nikon,1x,1,T1150003,VB11,,Base,1of2,External,Tara,d,uc
7346_T1150003_VB11_Base_1of2_Tara_1x1_l_uc,7346,Nikon,1x,1,T1150003,VB11,,Base,1of2,External,Tara,l,uc
7347_T1150003_VB11_Base_1of2_Tara_1x1_p_uc,7347,Nikon,1x,1,T1150003,VB11,,Base,1of2,External,Tara,p,uc
7348_T1150003_VB11_Base_2of2_Tara_1x1_d_uc,7348,Nikon,1x,1,T1150003,VB11,,Base,2of2,External,Tara,d,uc
7349_T1150003_VB11_Base_2of2_Tara_1x1_l_uc,7349,Nikon,1x,1,T1150003,VB11,,Base,2of2,External,Tara,l,uc
7350_T1150003_VB11_Base_2of2_Tara_1x1_p_uc,7350,Nikon,1x,1,T1150003,VB11,,Base,2of2,External,Tara,p,uc
7351_T1150003_VB10_Base_1of2_Tara_1x1_d_uc,7351,Nikon,1x,1,T1150003,VB10,,Base,1of2,External,Tara,d,uc
7352_T1150003_VB10_Base_1of2_Tara_1x1_l_uc,7352,Nikon,1x,1,T1150003,VB10,,Base,1of2,External,Tara,l,uc
7353_T1150003_VB10_Base_1of2_Tara_1x1_p_uc,7353,Nikon,1x,1,T1150003,VB10,,Base,1of2,External,Tara,p,uc
7354_T1150003_VB10_Base_2of2_Tara_1x1_d_uc,7354,Nikon,1x,1,T1150003,VB10,,Base,2of2,External,Tara,d,uc
7355_T1150003_VB10_Base_2of2_Tara_1x1_l_uc,7355,Nikon,1x,1,T1150003,VB10,,Base,2of2,External,Tara,l,uc
7356_T1150003_VB10_Base_2of2_Tara_1x1_p_uc,7356,Nikon,1x,1,T1150003,VB10,,Base,2of2,External,Tara,p,uc
7357_T1150003_VB10_Base_1of2_Tara_1x1_d_uc,7357,Nikon,1x,1,T1150003,VB10,,Base,1of2,External,Tara,d,uc
7358_T1150003_VB10_Base_1of2_Tara_1x1_l_uc,7358,Nikon,1x,1,T1150003,VB10,,Base,1of2,External,Tara,l,uc
7359_T1150003_VB10_Base_1of2_Tara_1x1_p_uc,7359,Nikon,1x,1,T1150003,VB10,,Base,1of2,External,Tara,p,uc
7360_T1150003_VB7_Mid_1of2_Tara_1x1_d_uc,7360,Nikon,1x,1,T1150003,VB7,,Mid,1of2,External,Tara,d,uc
7361_T1150003_VB7_Mid_1of2_Tara_1x1_l_uc,7361,Nikon,1x,1,T1150003,VB7,,Mid,1of2,External,Tara,l,uc
7362_T1150003_VB7_Mid_1of2_Tara_1x1_p_uc,7362,Nikon,1x,1,T1150003,VB7,,Mid,1of2,External,Tara,p,uc
7363_T1150003_VB7_Mid_2of2_Tara_1x1_d_uc,7363,Nikon,1x,1,T1150003,VB7,,Mid,2of2,External,Tara,d,uc
7364_T1150003_VB7_Mid_2of2_Tara_1x1_l_uc,7364,Nikon,1x,1,T1150003,VB7,,Mid,2of2,External,Tara,l,uc
7365_T1150003_VB7_Mid_2of2_Tara_1x1_p_uc,7365,Nikon,1x,1,T1150003,VB7,,Mid,2of2,External,Tara,p,uc
7366_T1150003_VB7_Mid_1of2_Tara_1x1_d_uc,7366,Nikon,1x,1,T1150003,VB7,,Mid,1of2,External,Tara,d,uc
7367_T1150003_VB7_Mid_1of2_Tara_1x1_l_uc,7367,Nikon,1x,1,T1150003,VB7,,Mid,1of2,External,Tara,l,uc
7368_T1150003_VB7_Mid_1of2_Tara_1x1_p_uc,7368,Nikon,1x,1,T1150003,VB7,,Mid,1of2,External,Tara,p,uc
7369_T1150003_VB7_Mid_2of2_Tara_1x1_d_uc,7369,Nikon,1x,1,T1150003,VB7,,Mid,2of2,External,Tara,d,uc
7370_T1150003_VB7_Mid_2of2_Tara_1x1_l_uc,7370,Nikon,1x,1,T1150003,VB7,,Mid,2of2,External,Tara,l,uc
7371_T1150003_VB7_Mid_2of2_Tara_1x1_p_uc,7371,Nikon,1x,1,T1150003,VB7,,Mid,2of2,External,Tara,p,uc
7372_T1150003_VB7_Mid_1of2_Tara_1x1_d_uc,7372,Nikon,1x,1,T1150003,VB7,,Mid,1of2,External,Tara,d,uc
7373_T1150003_VB7_Mid_1of2_Tara_1x1_l_uc,7373,Nikon,1x,1,T1150003,VB7,,Mid,1of2,External,Tara,l,uc
7374_T1150003_VB7_Mid_1of2_Tara_1x1_p_uc,7374,Nikon,1x,1,T1150003,VB7,,Mid,1of2,External,Tara,p,uc
7375_T1150003_VB7_Mid_2of2_Tara_1x1_d_uc,7375,Nikon,1x,1,T1150003,VB7,,Mid,2of2,External,Tara,d,uc
7376_T1150003_VB7_Mid_2of2_Tara_1x1_l_uc,7376,Nikon,1x,1,T1150003,VB7,,Mid,2of2,External,Tara,l,uc
7377_T1150003_VB7_Mid_2of2_Tara_1x1_p_uc,7377,Nikon,1x,1,T1150003,VB7,,Mid,2of2,External,Tara,p,uc
7378_T1150003_VB7_Mid_1of2_Tara_1x1_d_uc,7378,Nikon,1x,1,T1150003,VB7,,Mid,1of2,External,Tara,d,uc
7379_T1150003_VB7_Mid_1of2_Tara_1x1_l_uc,7379,Nikon,1x,1,T1150003,VB7,,Mid,1of2,External,Tara,l,uc
7380_T1150003_VB7_Mid_1of2_Tara_1x1_p_uc,7380,Nikon,1x,1,T1150003,VB7,,Mid,1of2,External,Tara,p,uc
7381_T1150003_VB7_Mid_2of2_Tara_1x1_d_uc,7381,Nikon,1x,1,T1150003,VB7,,Mid,2of2,External,Tara,d,uc
7382_T1150003_VB7_Mid_2of2_Tara_1x1_l_uc,7382,Nikon,1x,1,T1150003,VB7,,Mid,2of2,External,Tara,l,uc
7383_T1150003_VB7_Mid_2of2_Tara_1x1_p_uc,7383,Nikon,1x,1,T1150003,VB7,,Mid,2of2,External,Tara,p,uc
7384_T1150003_VB7_Mid_1of2_Tara_1x1_d_uc,7384,Nikon,1x,1,T1150003,VB7,,Mid,1of2,External,Tara,d,uc
7385_T1150003_VB7_Mid_1of2_Tara_1x1_l_uc,7385,Nikon,1x,1,T1150003,VB7,,Mid,1of2,External,Tara,l,uc
7386_T1150003_VB7_Mid_1of2_Tara_1x1_p_uc,7386,Nikon,1x,1,T1150003,VB7,,Mid,1of2,External,Tara,p,uc
7387_T1150003_-_Top_1of2_Tara_1x1_d_uc,7387,Nikon,1x,1,T1150003,-,,Top,1of2,External,Tara,d,uc
7388_T1150003_-_Top_1of2_Tara_1x1_l_uc,7388,Nikon,1x,1,T1150003,-,,Top,1of2,External,Tara,l,uc
7389_T1150003_-_Top_1of2_Tara_1x1_p_uc,7389,Nikon,1x,1,T1150003,-,,Top,1of2,External,Tara,p,uc
7390_T1150003_-_Top_2of2_Tara_1x1_d_uc,7390,Nikon,1x,1,T1150003,-,,Top,2of2,External,Tara,d,uc
7391_T1150003_-_Top_2of2_Tara_1x1_l_uc,7391,Nikon,1x,1,T1150003,-,,Top,2of2,External,Tara,l,uc
7392_T1150003_-_Top_2of2_Tara_1x1_p_uc,7392,Nikon,1x,1,T1150003,-,,Top,2of2,External,Tara,p,uc
7393_T1150003_-_Top_1of1_Tara_1x1_d_uc,7393,Nikon,1x,1,T1150003,-,,Top,1of1,Solo,Tara,d,uc
7394_T1150003_-_Top_1of1_Tara_1x1_l_uc,7394,Car,1x,1,T1150003,-,,Top,1of1,Solo,Tara,l,uc
7395_T1150003_-_Top_1of1_Tara_1x1_p_uc,7395,Nikon,1x,1,T1150003,-,,Top,1of1,Solo,Tara,p,uc
7396_T1150003_-_Top_1of1_Tara_1x1_d_uc,7396,Nikon,1x,1,T1150003,-,,Top,1of1,Solo,Tara,d,uc
7397_T1150003_-_Top_1of1_Tara_1x1_l_uc,7397,Nikon,1x,1,T1150003,-,,Top,1of1,Solo,Tara,l,uc
7398_T1150003_-_Top_1of1_Tara_1x1_p_uc,7398,Nikon,1x,1,T1150003,-,,Top,1of1,Solo,Tara,p,uc
7399_T1150003_VB2_Top_1of1_Tara_1x1_d_uc,7399,Nikon,1x,1,T1150003,VB2,,Top,1of1,Solo,Tara,d,uc
7400_T1150003_VB2_Top_1of1_Tara_1x1_l_uc,7400,Nikon,1x,1,T1150003,VB2,,Top,1of1,Solo,Tara,l,uc
7401_T1150003_VB2_Top_1of1_Tara_1x1_p_uc,7401,Nikon,1x,1,T1150003,VB2,,Top,1of1,Solo,Tara,p,uc
7402_T1150003_VB2_Top_1of1_Tara_1x1_d_uc,7402,Nikon,1x,1,T1150003,VB2,,Top,1of1,Solo,Tara,d,uc
7403_T1150003_VB2_Top_1of1_Tara_1x1_l_uc,7403,Nikon,1x,1,T1150003,VB2,,Top,1of1,Solo,Tara,l,uc
7404_T1150003_VB2_Top_1of1_Tara_1x1_p_uc,7404,Nikon,1x,1,T1150003,VB2,,Top,1of1,Solo,Tara,p,uc
7405_T1150003_VB3_Top_1of2_Tara_1x1_d_uc,7405,Nikon,1x,1,T1150003,VB3,,Top,1of2,External,Tara,d,uc
7406_T1150003_VB3_Top_1of2_Tara_1x1_l_uc,7406,Nikon,1x,1,T1150003,VB3,,Top,1of2,External,Tara,l,uc
7407_T1150003_VB3_Top_1of2_Tara_1x1_p_uc,7407,Nikon,1x,1,T1150003,VB3,,Top,1of2,External,Tara,p,uc
7408_T1150003_VB3_Top_2of2_Tara_1x1_d_uc,7408,Nikon,1x,1,T1150003,VB3,,Top,2of2,External,Tara,d,uc
7409_T1150003_VB3_Top_2of2_Tara_1x1_l_uc,7409,Nikon,1x,1,T1150003,VB3,,Top,2of2,External,Tara,l,uc
7410_T1150003_VB3_Top_2of2_Tara_1x1_p_uc,7410,Nikon,1x,1,T1150003,VB3,,Top,2of2,External,Tara,p,uc
7411_T1150003_VB3_Top_1of2_Tara_1x1_d_uc,7411,Nikon,1x,1,T1150003,VB3,,Top,1of2,External,Tara,d,uc
7412_T1150003_VB3_Top_1of2_Tara_1x1_l_uc,7412,Nikon,1x,1,T1150003,VB3,,Top,1of2,External,Tara,l,uc
7413_T1150003_VB3_Top_1of2_Tara_1x1_p_uc,7413,Nikon,1x,1,T1150003,VB3,,Top,1of2,External,Tara,p,uc
